Timestamp,PM1,PM25,PM10,sample_rh,sample_temp
2023-04-03T07:30:57,1.087,2.042,26.469,19.94,21.78
2023-04-03T07:31:57,1.191,3.016,36.164,19.86,21.8
2023-04-03T07:32:57,1.043,2.59,61.685,19.76,21.82
2023-04-03T07:33:57,1.119,2.571,76.378,19.73,21.84
2023-04-03T07:34:57,1.16,2.715,108.002,19.78,21.87
2023-04-03T07:35:57,1.313,2.939,53.388,19.87,21.89
2023-04-03T07:41:57,0.993,3.096,46.335,20.12,22.01
2023-04-03T07:42:57,1.428,3.211,52.236,19.97,22.04
2023-04-03T07:43:57,1.475,3.236,50.852,19.89,22.05
2023-04-03T07:44:57,0.701,2.233,35.866,19.82,22.08
2023-04-03T07:45:57,0.699,2.205,47.374,19.8,22.1
2023-04-03T07:46:57,1.228,2.971,75.807,19.75,22.13
2023-04-03T07:47:57,0.936,3.945,153.64,19.71,22.14
2023-04-03T07:48:57,1.025,3.672,87.62,19.71,22.17
2023-04-03T07:49:57,1.196,5.14,146.083,19.89,22.19
2023-04-03T07:50:57,1.405,7.077,178.328,20.05,22.2
2023-04-03T07:51:57,1.526,9.107,302.353,20.46,22.23
2023-04-03T07:52:57,1.579,9.297,176.629,20.6,22.26
2023-04-03T07:53:57,1.432,10.792,196.862,20.67,22.29
2023-04-03T07:54:57,2.256,13.872,284.229,20.7,22.31
2023-04-03T07:55:57,1.82,12.815,347.514,20.87,22.34
2023-04-03T07:56:57,1.791,13.393,343.837,21.17,22.38
2023-04-03T07:57:57,2.122,14.805,486.156,21.23,22.4
2023-04-03T07:58:57,2.641,13.257,398.711,21.36,22.43
2023-04-03T07:59:57,2.184,14.936,348.876,21.68,22.46
2023-04-03T08:00:57,2.467,18.598,754.924,22.07,22.49
2023-04-03T08:01:57,2.376,20.082,510.114,22.33,22.53
2023-04-03T08:02:57,2.438,18.78,644.959,22.58,22.55
2023-04-03T08:03:57,3.324,20.099,479.548,22.54,22.58
2023-04-03T08:04:57,2.291,16.912,434.085,22.46,22.61
2023-04-03T08:05:57,2.714,16.032,352.24,22.81,22.65
2023-04-03T08:06:57,1.802,17.076,551.416,23.36,22.68
2023-04-03T08:07:57,1.875,16.925,371.762,23.53,22.72
2023-04-03T08:08:57,1.876,15.079,491.934,23.92,22.76
2023-04-03T08:09:57,2.012,14.82,427.414,23.8,22.79
2023-04-03T08:10:57,1.845,16.276,499.316,24.21,22.83
2023-04-03T08:11:57,2.093,15.124,394.479,24.32,22.86
2023-04-03T08:12:57,2.367,16.747,422.652,24.88,22.9
2023-04-03T08:13:57,3.115,17.427,295.841,25.15,22.95
2023-04-03T08:14:57,1.93,14.84,323.732,24.98,22.98
2023-04-03T08:15:57,1.793,13.824,302.084,25.17,23.01
2023-04-03T08:16:57,2.017,15.577,259.73,25.29,23.06
2023-04-03T08:17:57,1.911,15.488,387.824,25.15,23.08
2023-04-03T08:18:57,1.863,14.252,333.061,24.68,23.13
2023-04-03T08:19:57,1.503,12.139,245.665,24.79,23.15
2023-04-03T08:20:57,1.607,13.203,212.482,24.71,23.19
2023-04-03T08:21:57,1.564,11.763,186.396,24.76,23.23
2023-04-03T08:22:57,2.305,12.528,189.358,25.28,23.26
2023-04-03T08:23:57,1.09,11.954,196.092,25.04,23.3
2023-04-03T08:24:57,1.53,10.271,128.288,25,23.33
2023-04-03T08:25:57,1.779,11.057,194.208,25.13,23.37
2023-04-03T08:26:57,1.59,10.544,252.543,25.09,23.41
2023-04-03T08:27:57,1.193,11.285,253.24,25.26,23.45
2023-04-03T08:28:57,1.432,10.271,153.402,25.33,23.47
2023-04-03T08:29:57,1.549,11.419,185.673,25.5,23.5
2023-04-03T08:30:57,1.057,9.206,110.898,25.52,23.55
2023-04-03T08:31:57,1.98,12.33,230.494,25.55,23.57
2023-04-03T08:32:57,1.469,11.271,224.716,25.47,23.6
2023-04-03T08:33:57,2.371,12.344,250.982,25.55,23.64
2023-04-03T08:34:57,1.646,11.688,207.129,25.71,23.67
2023-04-03T08:35:57,1.471,11.407,151.446,25.61,23.7
2023-04-03T08:36:57,2.018,10.005,199.633,25.78,23.73
2023-04-03T08:37:57,1.442,9.842,174.669,25.74,23.77
2023-04-03T08:38:57,1.216,8.834,202.206,25.82,23.79
2023-04-03T08:39:57,1.692,9.283,159.171,25.88,23.82
2023-04-03T08:40:57,1.587,10.082,189.459,25.94,23.86
2023-04-03T08:41:57,1.132,8.101,134.075,25.89,23.89
2023-04-03T08:42:57,1.283,8.639,212.418,26.12,23.92
2023-04-03T08:43:57,1.357,8.349,176.134,26.08,23.96
2023-04-03T08:44:57,1.516,8.867,156.03,26.11,23.99
2023-04-03T08:45:57,1.516,7.38,155.035,26.46,24.02
2023-04-03T08:46:57,1.217,8.375,116.175,26.49,24.06
2023-04-03T08:47:57,0.952,9.085,83.018,26.49,24.09
2023-04-03T08:48:57,1.186,8.753,145.436,26.41,24.12
2023-04-03T08:49:57,1.1,8.144,159.65,26.36,24.15
2023-04-03T08:50:57,1.011,8.185,119.564,26.44,24.19
2023-04-03T08:51:57,1.091,7.663,134.979,26.27,24.22
2023-04-03T08:52:57,1.06,7.871,143.214,26.36,24.24
2023-04-03T08:53:57,1.832,8.984,101.267,26.55,24.28
2023-04-03T08:54:57,0.956,7.93,133.15,26.63,24.31
2023-04-03T08:55:57,1.144,7.959,89.772,26.52,24.34
2023-04-03T08:56:57,1.068,7.189,104.422,26.33,24.35
2023-04-03T08:57:57,1.109,7.405,80.988,26.5,24.39
2023-04-03T08:58:57,1.167,7.598,103.286,26.46,24.41
2023-04-03T08:59:57,0.853,6.328,110.004,26.49,24.44
2023-04-03T09:00:57,0.916,5.929,99.061,26.71,24.47
2023-04-03T09:01:57,1.182,6.353,84.633,26.55,24.51
2023-04-03T09:02:57,1.058,6.601,84.014,26.35,24.53
2023-04-03T09:03:57,0.489,5.839,122.144,26.31,24.56
2023-04-03T09:04:57,0.789,5.242,43.81,26.41,24.59
2023-04-03T09:05:57,1.221,6.708,47.36,26.45,24.61
2023-04-03T09:06:57,0.843,4.807,51.619,26.44,24.64
2023-04-03T09:07:57,1.121,5.414,78.612,26.42,24.66
2023-04-03T09:08:57,1.098,5.921,75.055,26.41,24.68
2023-04-03T09:09:57,0.701,4.736,92.304,26.45,24.71
2023-04-03T09:10:57,0.653,5.586,95.207,26.26,24.73
2023-04-03T09:11:57,0.834,5.029,123.518,25.81,24.73
2023-04-03T09:12:57,0.788,5.133,100.276,25.39,24.7
2023-04-03T09:13:57,0.931,5.013,61.342,25,24.65
2023-04-03T09:14:57,0.948,4.064,27.586,24.67,24.58
2023-04-03T09:15:57,0.659,4.266,77.327,24.35,24.51
2023-04-03T09:16:57,0.97,4.583,28.777,24.1,24.43
2023-04-03T09:17:57,0.504,3.03,29.815,23.94,24.34
2023-04-03T09:18:57,0.705,3.8,52.863,23.81,24.25
2023-04-03T09:19:57,0.855,3.32,29.2,23.69,24.16
2023-04-03T09:20:57,0.588,3.567,31.997,23.59,24.05
2023-04-03T09:21:57,0.552,3.42,26.249,23.66,23.99
2023-04-03T09:22:57,0.702,3.072,40.371,23.88,23.95
2023-04-03T09:23:57,0.824,3.287,28.382,24.13,23.91
2023-04-03T09:24:57,0.788,3.041,77.763,24.19,23.89
2023-04-03T09:25:57,0.809,3.193,25.753,24.59,23.86
2023-04-03T09:26:57,0.675,3.764,50.926,24.84,23.85
2023-04-03T09:27:57,1.175,3.688,25.073,24.94,23.84
2023-04-03T09:28:57,0.779,3.05,101.148,25.23,23.83
2023-04-03T09:29:57,0.596,2.632,41.765,25.54,23.82
2023-04-03T09:30:57,0.791,3.841,97.187,25.67,23.81
2023-04-03T09:31:57,0.983,3.615,30.645,25.87,23.82
2023-04-03T09:32:57,0.57,3.127,60.529,26.05,23.82
2023-04-03T09:33:57,0.665,2.872,59.838,26.21,23.83
2023-04-03T09:34:57,0.547,3.485,49.388,26.4,23.83
2023-04-03T09:35:57,0.67,3.712,72.855,26.59,23.85
2023-04-03T09:36:57,1.204,3.995,30.143,26.51,23.85
2023-04-03T09:37:57,0.654,3.309,71.817,26.14,23.87
2023-04-03T09:38:57,0.656,3.413,110.412,25.69,23.85
2023-04-03T09:39:57,0.85,3.697,88.376,25.24,23.82
2023-04-03T09:40:57,0.41,3.059,36.306,24.91,23.78
2023-04-03T09:41:57,1.488,4.207,57.036,24.58,23.72
2023-04-03T09:42:57,0.545,3.24,46.401,24.32,23.66
2023-04-03T09:43:57,0.538,3.209,20.635,24.18,23.6
2023-04-03T09:44:57,0.588,2.733,32.051,24.01,23.55
2023-04-03T09:45:57,0.605,2.663,51.498,24.28,23.53
2023-04-03T09:46:57,1.901,4.239,104.419,24.52,23.51
2023-04-03T09:47:57,0.864,3.905,47.507,24.88,23.51
2023-04-03T09:48:57,0.609,2.558,28.751,25.14,23.51
2023-04-03T09:49:57,0.339,2.841,84.942,25.26,23.51
2023-04-03T09:50:57,0.811,2.978,32.411,25.55,23.52
2023-04-03T09:51:57,0.73,3.588,122.048,25.74,23.53
2023-04-03T09:52:57,0.997,4.588,89.772,25.89,23.56
2023-04-03T09:53:57,0.562,3.674,56.765,25.98,23.57
2023-04-03T09:54:57,0.461,3.538,86.069,26.07,23.58
2023-04-03T09:55:57,0.656,3.494,113.526,26.22,23.61
2023-04-03T09:56:57,0.51,4.225,110.98,26.42,23.61
2023-04-03T09:57:57,0.738,3.33,91.273,26.51,23.64
2023-04-03T09:58:57,0.542,4.036,79.906,26.6,23.66
2023-04-03T09:59:57,0.717,4.159,106.557,26.75,23.7
2023-04-03T10:00:57,0.802,4.351,92.07,26.23,23.7
2023-04-03T10:01:57,0.964,5.533,62.633,25.88,23.69
2023-04-03T10:02:57,0.574,4.63,80.505,25.51,23.67
2023-04-03T10:03:57,0.747,5.992,138.391,25.23,23.63
2023-04-03T10:04:57,1.224,6.044,164.487,24.96,23.59
2023-04-03T10:05:57,0.819,5.647,156.454,24.69,23.54
2023-04-03T10:06:57,0.75,5.98,174.643,24.66,23.49
2023-04-03T10:07:57,0.862,6.069,119.287,24.58,23.45
2023-04-03T10:08:57,0.705,6.771,219.641,24.85,23.43
2023-04-03T10:09:57,0.849,6.255,147.191,25.01,23.43
2023-04-03T10:10:57,1.016,6.68,93.279,25.36,23.43
2023-04-03T10:11:57,0.618,5.826,128.713,25.47,23.43
2023-04-03T10:12:57,1.583,7.797,227.997,25.83,23.46
2023-04-03T10:13:57,0.823,8.983,199.057,26.45,23.46
2023-04-03T10:14:57,1.642,14.941,327.316,26.34,23.49
2023-04-03T10:15:57,1.497,11.809,293.993,26.26,23.51
2023-04-03T10:16:57,1.368,11.41,219.73,26.19,23.52
2023-04-03T10:17:57,2.026,11.368,354.796,26.16,23.53
2023-04-03T10:18:57,1.107,10.848,229.572,26.23,23.54
2023-04-03T10:19:57,1.291,10.444,195.545,26.16,23.56
2023-04-03T10:20:57,1.157,10.854,222.937,26.11,23.58
2023-04-03T10:21:57,1.179,9.492,193.078,26.13,23.6
2023-04-03T10:22:57,1.189,9.222,204.403,26.09,23.61
2023-04-03T10:23:57,1.393,9.333,131.102,26.06,23.63
2023-04-03T10:24:57,1.267,7.861,185.32,25.99,23.65
2023-04-03T10:25:57,1.514,8.269,173.283,25.93,23.67
2023-04-03T10:26:57,1.213,7.025,117.902,25.92,23.69
2023-04-03T10:27:57,0.988,7.593,82.342,25.87,23.72
2023-04-03T10:28:57,0.671,6.693,121.094,25.88,23.74
2023-04-03T10:29:57,0.634,7.44,155.695,25.88,23.77
2023-04-03T10:30:57,1.326,6.152,87.859,25.86,23.79
2023-04-03T10:31:57,0.842,5.581,161.56,25.87,23.81
2023-04-03T10:32:57,0.689,5.171,83.797,25.82,23.84
2023-04-03T10:33:57,0.82,4.106,75.662,25.8,23.86
2023-04-03T10:34:57,0.603,4.564,84.306,25.79,23.87
2023-04-03T10:35:57,0.826,4.827,71.222,25.76,23.89
2023-04-03T10:36:57,0.435,3.856,22.184,25.74,23.93
2023-04-03T10:37:57,0.78,4.306,82.462,25.72,23.95
2023-04-03T10:38:57,0.802,5.171,84.5,25.74,23.98
2023-04-03T10:39:57,0.714,4.714,32.031,25.72,24
2023-04-03T10:40:57,0.853,4.724,67.698,25.7,24.02
2023-04-03T10:41:57,0.435,3.795,76.542,25.69,24.04
2023-04-03T10:42:57,0.545,4.394,22.985,25.67,24.06
2023-04-03T10:43:57,0.53,3.834,40.554,25.68,24.08
2023-04-03T10:44:57,0.487,3.692,70.143,25.66,24.1
2023-04-03T10:45:57,0.422,3.284,32.764,25.65,24.12
2023-04-03T10:46:57,0.591,4.079,97.537,25.64,24.14
2023-04-03T10:47:57,0.916,4.576,38.177,25.64,24.17
2023-04-03T10:48:57,0.431,3.871,91.562,25.61,24.19
2023-04-03T10:49:57,0.517,3.631,30.795,25.65,24.2
2023-04-03T10:50:57,0.52,3.226,64.25,25.63,24.23
2023-04-03T10:51:57,0.368,2.737,20.668,25.6,24.24
2023-04-03T10:52:57,0.511,3.743,70.34,25.6,24.27
2023-04-03T10:53:57,0.525,2.936,35.648,25.57,24.28
2023-04-03T10:54:57,0.457,2.387,19.251,25.58,24.31
2023-04-03T10:55:57,0.268,2.879,16.899,25.6,24.33
2023-04-03T10:56:57,0.352,2.707,32.017,25.59,24.35
2023-04-03T10:57:57,0.54,3.194,60.38,25.59,24.36
2023-04-03T10:58:57,0.516,3.108,36.417,25.6,24.38
2023-04-03T10:59:57,0.403,3.141,24.936,25.59,24.4
2023-04-03T11:00:57,0.63,3.089,14.007,25.55,24.42
2023-04-03T11:01:57,0.404,3.004,69.977,25.5,24.45
2023-04-03T11:02:57,0.192,2.988,25.139,25.49,24.46
2023-04-03T11:03:57,0.991,8.245,229.739,25.8,24.48
2023-04-03T11:04:57,0.965,11.17,284.545,26.45,24.5
2023-04-03T11:05:57,1.57,12.985,312.723,27.13,24.52
2023-04-03T11:06:57,1.636,11.762,346.32,27.52,24.57
2023-04-03T11:07:57,1.728,15.239,558.68,29.29,24.59
2023-04-03T11:08:57,2.736,24.351,527.311,29.25,24.62
2023-04-03T11:09:57,2.053,20.334,393.639,29.01,24.65
2023-04-03T11:10:57,2.43,17.839,303.321,29.01,24.69
2023-04-03T11:11:57,2.216,17.018,385.751,28.74,24.71
2023-04-03T11:12:57,1.384,15.574,277.839,28.41,24.73
2023-04-03T11:13:57,2.033,16.149,489.042,28.27,24.76
2023-04-03T11:14:57,1.757,14.206,269.576,28.16,24.77
2023-04-03T11:15:57,1.446,13.554,255.615,28.02,24.79
2023-04-03T11:16:57,1.464,13.063,326.267,27.92,24.82
2023-04-03T11:17:57,1.383,10.872,208.842,27.83,24.83
2023-04-03T11:18:57,1.442,11.064,143.227,27.73,24.84
2023-04-03T11:19:57,0.912,9.243,123.022,27.63,24.86
2023-04-03T11:20:57,1.312,10.123,160.228,27.58,24.88
2023-04-03T11:21:57,1.272,8.994,182.457,27.51,24.9
2023-04-03T11:22:57,1.087,7.185,106.488,27.41,24.91
2023-04-03T11:23:57,1.041,8.211,189.666,27.35,24.93
2023-04-03T11:24:57,1.068,7.296,99.134,27.3,24.94
2023-04-03T11:25:57,1.257,7.072,137.275,27.22,24.95
2023-04-03T11:26:57,1.087,7.336,106.453,27.17,24.96
2023-04-03T11:27:57,0.649,6.605,76.383,27.13,24.97
2023-04-03T11:28:57,0.882,6.518,78.001,27.09,24.98
2023-04-03T11:29:57,0.96,6.283,77.697,27.03,24.99
2023-04-03T11:30:57,0.672,4.843,86.42,27.01,25
2023-04-03T11:31:57,0.82,5.292,73.543,26.98,25.01
2023-04-03T11:32:57,0.702,4.794,60.699,26.93,25.03
2023-04-03T11:33:57,0.463,4.645,52.542,26.92,25.03
2023-04-03T11:34:57,0.657,4.849,69.764,26.9,25.04
2023-04-03T11:35:57,0.565,4.197,25.664,26.87,25.05
2023-04-03T11:36:57,0.449,8.05,142.12,26.81,25.06
2023-04-03T11:37:57,1.677,12.153,219.014,26.41,25.07
2023-04-03T11:38:57,1.484,15.118,426.411,26.32,25.06
2023-04-03T11:39:57,1.467,15.391,369.971,26.06,25.03
2023-04-03T11:40:57,1.165,11.793,271.635,25.86,24.99
2023-04-03T11:41:57,1.448,10.737,204.971,25.61,24.95
2023-04-03T11:42:57,1.537,10.152,173.347,25.44,24.91
2023-04-03T11:43:57,1.091,9.525,201.933,25.44,24.84
2023-04-03T11:44:57,1.09,8.576,156.091,25.35,24.77
2023-04-03T11:45:57,1.034,8.361,93.34,25.2,24.71
2023-04-03T11:46:57,0.994,7.694,193.542,25.07,24.64
2023-04-03T11:47:57,1.117,7.477,89.947,25.02,24.54
2023-04-03T11:48:57,1.306,6.623,120.092,24.92,24.47
2023-04-03T11:49:57,1.099,7.439,121.318,24.97,24.38
2023-04-03T11:50:57,1.227,10.291,186.465,25.15,24.29
2023-04-03T11:51:57,1.718,12.724,339.681,25.22,24.21
2023-04-03T11:52:57,2.178,13.538,307.774,25.33,24.15
2023-04-03T11:53:57,1.223,11.736,284.297,25.45,24.11
2023-04-03T11:54:57,1.16,11.568,220.524,25.5,24.08
2023-04-03T11:55:57,1.177,10.528,175.2,25.56,24.05
2023-04-03T11:56:57,1.248,8.377,121.449,25.64,24.03
2023-04-03T11:57:57,1.034,8.8,155.759,25.73,24.01
2023-04-03T11:58:57,0.931,6.684,117.556,25.79,23.99
2023-04-03T11:59:57,0.942,5.92,85.984,25.74,23.97
2023-04-03T12:00:57,1.318,6.903,59.281,25.38,23.95
2023-04-03T12:01:57,1.201,5.522,79.029,25.1,23.91
2023-04-03T12:02:58,1.426,5.233,38.729,24.84,23.86
2023-04-03T12:03:58,0.648,4.677,34.492,24.53,23.81
2023-04-03T12:04:58,0.632,4.627,47.744,24.27,23.74
2023-04-03T12:05:58,0.735,4.419,23.547,24.06,23.67
2023-04-03T12:06:58,0.809,3.597,70.587,23.99,23.62
2023-04-03T12:07:58,0.816,3.852,30.734,24.23,23.59
2023-04-03T12:08:58,0.94,4.18,18.028,24.3,23.56
2023-04-03T12:09:58,0.72,4.553,42.906,24.34,23.53
2023-04-03T12:10:58,0.443,3.054,54.468,24.41,23.53
2023-04-03T12:11:58,0.647,3.682,18.786,24.47,23.51
2023-04-03T12:12:58,0.473,3.289,28.454,24.54,23.5
2023-04-03T12:13:58,0.599,3.198,37.771,24.61,23.49
2023-04-03T12:14:58,0.834,2.799,7.854,24.67,23.5
2023-04-03T12:15:58,0.559,3.038,19.619,24.71,23.49
2023-04-03T12:16:58,0.53,2.607,62.925,24.76,23.49
2023-04-03T12:17:58,0.242,2.754,8.732,24.82,23.5
2023-04-03T12:18:58,0.643,2.959,38.482,24.84,23.5
2023-04-03T12:25:58,0.571,1.974,14.129,24.51,23.57
2023-04-03T12:26:58,0.338,1.673,27.986,24.24,23.56
2023-04-03T12:27:58,0.433,1.676,20.014,23.97,23.53
2023-04-03T12:28:58,0.508,1.661,18.264,23.78,23.49
2023-04-03T12:29:58,0.359,1.386,4.304,23.61,23.45
2023-04-03T12:30:58,0.415,1.33,20.117,23.73,23.44
2023-04-03T12:31:58,0.456,1.826,5.751,23.87,23.43
2023-04-03T12:32:58,2.103,18.761,525.293,24.39,23.43
2023-04-03T12:33:58,1.286,11.123,426.25,24.77,23.45
2023-04-03T12:34:58,1.427,11.736,338.28,25.19,23.47
2023-04-03T12:35:58,1.306,10.452,277.115,25.26,23.49
2023-04-03T12:36:58,1.687,11.643,274.364,25.75,23.51
2023-04-03T12:37:58,1.823,13.83,437.178,26.12,23.54
2023-04-03T12:38:58,1.391,10.912,409.544,26.55,23.56
2023-04-03T12:39:58,1.565,11.73,283.618,26.81,23.59
2023-04-03T12:40:58,1.217,9.38,369.693,26.55,23.62
2023-04-03T12:41:58,1.357,10.713,247.56,26.78,23.64
2023-04-03T12:42:58,2.494,18.294,425.316,27.49,23.69
2023-04-03T12:43:58,2.906,23.076,638.266,27.85,23.73
2023-04-03T12:44:58,2.986,21.469,711.448,28.16,23.77
2023-04-03T12:45:58,3.488,26.183,633.169,28.33,23.8
2023-04-03T12:46:58,2.963,26.284,554.224,28.54,23.85
2023-04-03T12:47:58,2.603,23.852,455.706,28.82,23.91
2023-04-03T12:48:58,2.544,23.442,485.996,28.99,23.94
2023-04-03T12:49:58,2.376,22.412,590.933,29.32,23.99
2023-04-03T12:50:58,2.592,20.341,426.909,29.43,24.04
2023-04-03T12:56:58,2.396,16.782,305.257,29.91,24.32
2023-04-03T12:57:58,2.076,16.25,223.577,29.91,24.37
2023-04-03T12:58:58,1.783,16.472,323.812,29.95,24.42
2023-04-03T12:59:58,1.797,17.493,322.425,30.04,24.47
2023-04-03T13:00:58,1.842,16.739,234.269,30.06,24.53
2023-04-03T13:21:58,0.836,7.508,84.505,28.42,25.28
2023-04-03T13:22:58,1.072,7.641,125.764,28.3,25.32
2023-04-03T13:23:58,1.153,8.121,91.435,28.34,25.33
2023-04-03T13:24:58,1.105,6.746,46.899,28.16,25.36
2023-04-03T13:25:58,0.947,7.052,32.089,28.21,25.38
2023-04-03T13:26:58,0.787,6.09,99.627,28.16,25.4
2023-04-03T13:27:58,0.953,6.286,65.773,28.13,25.42
2023-04-03T13:28:58,0.729,6.252,40.88,28.18,25.44
2023-04-03T13:29:58,0.686,4.575,28.413,27.94,25.46
2023-04-03T13:30:58,0.775,5.599,43.003,27.88,25.47
2023-04-03T13:37:58,0.608,4.896,44.8,27.5,25.58
2023-04-03T13:38:58,0.544,5.061,40.368,27.59,25.6
2023-04-03T13:39:58,0.842,5.089,45.798,27.55,25.62
2023-04-03T13:40:58,0.553,3.949,35.407,27.59,25.63
2023-04-03T13:41:58,0.959,9.446,267.512,27.21,25.65
2023-04-03T13:42:58,0.87,11.701,286.528,27.41,25.65
2023-04-03T13:43:58,1.168,11.509,291.603,27.49,25.67
2023-04-03T13:44:58,1.662,13.296,241.448,27.79,25.71
2023-04-03T13:45:58,1.43,13.147,276.149,28.1,25.72
2023-04-03T13:46:58,1.242,12.602,306.572,28.17,25.75
2023-04-03T13:47:58,2.046,12.634,228.47,28.2,25.77
2023-04-03T13:48:59,1.29,10.386,179.067,28.24,25.81
2023-04-03T13:49:59,1.13,11.61,208.778,28.31,25.83
2023-04-03T13:50:59,1.381,11.654,283.004,28.6,25.86
2023-04-03T13:51:59,1.221,11.542,243.885,28.78,25.89
2023-04-03T13:52:59,1.551,12.135,266.48,28.71,25.91
2023-04-03T13:53:59,1.174,10.902,152.466,28.73,25.95
2023-04-03T13:54:59,1.344,11.098,107.765,28.96,25.98
2023-04-03T13:55:59,1.143,12.068,178.284,29.3,26.01
2023-04-03T13:56:59,1.196,11.075,179.181,29.41,26.04
2023-04-03T14:14:59,3.045,26.338,421.34,26.38,25.38
2023-04-03T14:15:59,3.133,27.502,611.707,26.39,25.28
2023-04-03T14:16:59,2.148,23.758,417.854,26.14,25.18
2023-04-03T14:17:59,2.783,21.282,324.065,25.81,25.07
2023-04-03T14:18:59,2.328,16.72,246.542,25.62,24.97
2023-04-03T14:19:59,1.859,15.902,173.912,25.39,24.86
2023-04-03T14:20:59,1.496,12.864,171.954,25.1,24.76
2023-04-03T14:21:59,1.383,11.713,94.757,24.87,24.65
2023-04-03T14:22:59,1.304,12.518,97.44,24.64,24.54
2023-04-03T14:34:59,0.613,5.401,46.315,25.4,23.75
2023-04-03T14:35:59,0.896,5.174,33.077,25.46,23.74
2023-04-03T14:36:59,0.612,5.204,37.15,25.45,23.73
2023-04-03T14:37:59,0.873,3.663,22.331,24.92,23.72
2023-04-03T14:38:59,0.659,3.57,25.691,24.66,23.7
2023-04-03T14:39:59,0.889,3.137,37.05,24.4,23.65
2023-04-03T14:40:59,0.895,3.674,12.411,24.18,23.61
2023-04-03T14:41:59,0.808,3.254,13.353,23.87,23.57
2023-04-03T14:42:59,0.679,3.051,18.986,23.68,23.5
2023-04-03T14:43:59,0.737,2.705,10.842,23.5,23.45
2023-04-03T14:44:59,0.607,2.615,9.313,23.41,23.39
2023-04-03T14:45:59,0.421,3.47,38.709,23.36,23.35
2023-04-03T14:46:59,0.642,4.078,57.075,23.75,23.32
2023-04-03T14:47:59,1.407,4.254,51.73,23.8,23.31
2023-04-03T14:48:59,0.857,2.858,73.964,23.89,23.3
2023-04-03T14:49:59,0.555,2.967,73.557,24.11,23.29
2023-04-03T14:50:59,0.892,4.557,124.397,24.25,23.29
2023-04-03T14:57:59,0.565,2.892,118.67,25.02,23.38
2023-04-03T14:58:59,0.537,3.809,68.695,25.08,23.4
2023-04-03T14:59:59,0.487,3.037,55.907,25.1,23.42
2023-04-03T15:00:59,0.446,3.391,40.548,25.12,23.45
2023-04-03T15:01:59,0.452,2.91,60.454,25.16,23.48
2023-04-03T15:02:59,0.752,3.687,40.648,25.24,23.5
2023-04-03T15:09:59,0.532,3.011,47.242,25.79,23.72
2023-04-03T15:10:59,0.49,2.75,35.908,25.7,23.76
2023-04-03T15:11:59,0.444,2.289,10.538,25.62,23.78
2023-04-03T15:12:59,0.431,1.963,32.222,25.77,23.82
2023-04-03T15:13:59,0.487,1.957,36.344,25.83,23.85
2023-04-03T15:14:59,0.268,1.449,7.694,25.76,23.89
2023-04-03T15:21:59,0.338,2.003,23.241,25.55,24.14
2023-04-03T15:22:59,0.543,2.702,79.569,25.56,24.18
2023-04-03T15:23:59,0.53,3.488,34.441,25.63,24.2
2023-04-03T15:24:59,0.407,2.422,66.178,25.61,24.24
2023-04-03T15:25:59,0.536,2.739,81.606,25.54,24.27
2023-04-03T15:26:59,0.178,2.46,42.442,25.54,24.3
2023-04-03T15:27:59,0.865,3.199,66.283,25.6,24.33
2023-04-03T15:28:59,0.557,2.68,28.971,25.6,24.36
2023-04-03T15:29:59,0.404,2.227,37.203,25.47,24.38
2023-04-04T07:30:58,0.89,8.81,94.151,16.92,21
2023-04-04T07:31:58,1.384,7.654,58.204,16.79,21.03
2023-04-04T07:32:58,1,8.488,143.626,16.64,21.05
2023-04-04T07:33:58,1.475,7.743,123.001,16.72,21.08
2023-04-04T07:34:58,1.282,9.078,199.05,16.87,21.11
2023-04-04T07:35:58,1.101,9.652,148.62,16.78,21.13
2023-04-04T07:36:58,1.294,9.484,183.796,16.68,21.17
2023-04-04T07:37:58,1.61,9.437,136.221,16.61,21.19
2023-04-04T07:38:58,1.564,8.871,123.003,16.58,21.23
2023-04-04T07:39:58,0.817,6.096,65.722,16.56,21.26
2023-04-04T07:40:58,1.361,8.022,97.617,16.5,21.28
2023-04-04T07:41:58,1.327,6.625,137.327,16.42,21.31
2023-04-04T07:42:58,0.624,5.996,91.093,16.39,21.34
2023-04-04T07:43:58,1.106,7.421,50.347,16.3,21.37
2023-04-04T07:44:58,1.007,6.603,53.735,16.26,21.4
2023-04-04T07:45:58,0.928,5.733,32.486,16.29,21.43
2023-04-04T07:46:58,1.019,6.381,75.297,16.37,21.46
2023-04-04T07:47:58,0.871,7.093,51.096,16.49,21.49
2023-04-04T07:48:58,1.064,5.711,145.192,16.44,21.51
2023-04-04T07:49:58,1.028,6.776,67.952,16.58,21.55
2023-04-04T07:50:58,1.025,8.348,122.375,16.67,21.57
2023-04-04T07:51:58,1.134,7.89,192.625,17,21.6
2023-04-04T07:52:58,1.422,10.711,164.879,17.01,21.63
2023-04-04T07:53:58,1.479,11.365,261.969,17.38,21.64
2023-04-04T07:54:58,1.683,13.444,279.266,17.63,21.67
2023-04-04T07:55:58,1.42,11.155,206.647,17.85,21.71
2023-04-04T07:56:58,1.215,12.272,263.16,17.91,21.73
2023-04-04T07:57:58,2.298,14.26,251.507,18.29,21.76
2023-04-04T07:58:58,1.615,13.16,339.686,18.52,21.79
2023-04-04T07:59:58,1.275,13.174,214.93,18.55,21.82
2023-04-04T08:00:58,1.443,15.541,253.234,18.83,21.86
2023-04-04T08:01:58,1.841,13.697,376.005,19.22,21.89
2023-04-04T08:02:58,1.979,13.821,325.184,19.28,21.93
2023-04-04T08:03:58,1.587,13.947,181.65,19.25,21.95
2023-04-04T08:04:58,1.032,13.234,265.213,19.66,21.99
2023-04-04T08:05:58,1.397,12.613,212.855,19.89,22.02
2023-04-04T08:06:58,1.51,13.966,281.798,20.02,22.06
2023-04-04T08:07:58,1.226,10.495,205.925,20.25,22.09
2023-04-04T08:08:58,1.333,11.305,199.953,20.45,22.13
2023-04-04T08:09:58,1.11,10.76,167.437,20.67,22.16
2023-04-04T08:10:58,1.242,9.408,129.246,20.88,22.2
2023-04-04T08:11:58,1.056,10.721,191.573,20.92,22.23
2023-04-04T08:12:58,1.18,10.438,249.303,20.83,22.27
2023-04-04T08:13:58,0.908,9.117,159.079,21.08,22.3
2023-04-04T08:14:58,0.931,9.457,193.963,21.24,22.34
2023-04-04T08:15:58,0.875,9.005,130.764,21.29,22.38
2023-04-04T08:16:58,0.945,9.223,128.462,21.47,22.41
2023-04-04T08:17:58,0.676,8.149,194.25,21.67,22.44
2023-04-04T08:18:58,0.939,9.052,174.622,21.87,22.48
2023-04-04T08:19:58,0.787,9.002,126.447,22.17,22.51
2023-04-04T08:20:58,1.256,7.863,118.569,21.87,22.55
2023-04-04T08:21:58,0.814,8.383,87.654,22.11,22.58
2023-04-04T08:22:58,1.106,7.124,90.9,21.93,22.63
2023-04-04T08:23:58,1.024,7.117,97.704,22.02,22.65
2023-04-04T08:24:58,0.928,7.88,94.476,22.19,22.69
2023-04-04T08:25:58,0.892,7.332,180.645,22.2,22.73
2023-04-04T08:26:58,0.738,7.962,89.795,22.43,22.76
2023-04-04T08:27:58,0.921,7.421,132.384,22.67,22.8
2023-04-04T08:28:58,1.627,10.199,180.765,22.68,22.83
2023-04-04T08:29:58,0.963,7.787,180.201,22.56,22.86
2023-04-04T08:30:58,1.484,12.27,231.172,23.18,22.9
2023-04-04T08:31:58,1.493,12.888,382.915,23.44,22.94
2023-04-04T08:32:58,1.459,12.517,282.64,23.37,22.99
2023-04-04T08:33:58,1.055,14.736,278.794,23.38,23.03
2023-04-04T08:34:58,1.201,12.801,270.224,23.39,23.06
2023-04-04T08:35:58,1.157,11.135,296.091,23.19,23.09
2023-04-04T08:36:58,1.334,11.266,175.845,23.26,23.12
2023-04-04T08:37:58,1.293,11.157,225.871,23.19,23.15
2023-04-04T08:38:58,1.112,9.739,210.4,23.37,23.19
2023-04-04T08:39:58,1.529,8.747,214.118,23.31,23.21
2023-04-04T08:40:58,1.637,11.844,320.555,23.7,23.25
2023-04-04T08:41:58,1.518,11.417,196.596,23.61,23.28
2023-04-04T08:42:58,1.09,11.267,165.5,23.7,23.31
2023-04-04T08:43:58,1.394,11.348,229.291,23.48,23.34
2023-04-04T08:44:58,1.042,11.745,341.791,23.65,23.38
2023-04-04T08:45:58,1.139,12.116,204.793,23.68,23.41
2023-04-04T08:46:58,1.161,11.843,208.46,23.88,23.44
2023-04-04T08:47:58,1.286,9.654,201.774,23.88,23.47
2023-04-04T08:48:58,1.351,10.309,157.426,23.82,23.51
2023-04-04T08:49:58,0.985,9.881,155.15,24.01,23.53
2023-04-04T08:50:58,1.495,8.746,114,24,23.56
2023-04-04T08:51:58,1.09,8.481,67.317,24.11,23.6
2023-04-04T08:52:58,1.25,8.317,151.256,23.78,23.61
2023-04-04T08:53:58,0.914,8.308,97.749,23.69,23.64
2023-04-04T08:54:58,0.835,8.839,194.21,24.16,23.68
2023-04-04T08:55:58,1.072,8.983,128.498,24.08,23.71
2023-04-04T08:56:58,0.748,7.522,148.351,24.19,23.74
2023-04-04T08:57:58,1.146,7.638,163.848,24.12,23.77
2023-04-04T08:58:58,1.019,8.008,239.08,24.12,23.8
2023-04-04T08:59:58,0.808,7.769,95.014,24.37,23.83
2023-04-04T09:00:58,0.824,6.844,118.004,24.33,23.86
2023-04-04T09:01:58,0.541,6.47,90.403,24.25,23.88
2023-04-04T09:02:58,0.859,7.199,155.725,24.4,23.91
2023-04-04T09:03:58,0.622,5.889,87.88,24.53,23.94
2023-04-04T09:04:58,0.8,6.49,128.988,24.7,23.98
2023-04-04T09:05:58,0.779,6.02,134.368,24.8,24
2023-04-04T09:12:58,0.772,5.376,65.082,24.8,24.18
2023-04-04T09:13:58,0.658,6.046,77.15,25.13,24.2
2023-04-04T09:14:58,0.596,5.752,135.964,25.11,24.24
2023-04-04T09:15:58,1.099,5.758,109.264,25.02,24.26
2023-04-04T09:16:58,0.293,5.205,44.671,25.19,24.28
2023-04-04T09:17:58,0.581,4.535,74.625,25.24,24.31
2023-04-04T09:18:58,0.481,3.651,77.8,25.19,24.34
2023-04-04T09:19:58,1.706,5.543,78.922,25.52,24.38
2023-04-04T09:20:58,0.569,3.785,26.763,25.38,24.39
2023-04-04T09:21:58,0.428,4.495,77.455,25.47,24.43
2023-04-04T09:22:58,0.587,4.544,72.276,25.39,24.46
2023-04-04T09:23:58,0.734,6.075,88.341,25.44,24.49
2023-04-04T09:24:58,0.501,4.381,70.272,25.29,24.52
2023-04-04T09:25:58,0.454,4.265,82.124,25.33,24.54
2023-04-04T09:26:58,0.367,4.937,79.383,25.48,24.57
2023-04-04T09:27:58,0.406,4.386,74.971,25.31,24.59
2023-04-04T09:28:58,0.543,4.339,78.882,25.37,24.62
2023-04-04T09:29:58,0.615,5.069,29.178,25.41,24.63
2023-04-04T09:30:58,0.346,4.874,61.195,25.49,24.66
2023-04-04T09:31:58,0.524,4.875,120.829,25.62,24.69
2023-04-04T09:32:58,0.535,5.079,59.547,25.69,24.71
2023-04-04T09:33:58,0.412,5.742,114.001,25.84,24.73
2023-04-04T09:34:58,0.588,4.428,74.943,25.78,24.75
2023-04-04T09:35:58,0.585,5.682,81.57,25.9,24.78
2023-04-04T09:36:58,0.461,4.809,58.528,25.87,24.8
2023-04-04T09:37:58,0.578,3.857,102.794,25.76,24.82
2023-04-04T09:38:58,0.623,4.145,59.98,25.79,24.84
2023-04-04T09:39:58,0.726,4.295,90.384,25.79,24.88
2023-04-04T09:40:58,0.692,5.748,89.061,26.1,24.88
2023-04-04T09:41:58,0.387,4.955,114.304,26.22,24.91
2023-04-04T09:42:58,0.509,4.786,116.034,26.22,24.93
2023-04-04T09:43:58,0.823,5.807,112.456,26.18,24.95
2023-04-04T09:44:58,0.623,5.696,93.378,26.06,24.97
2023-04-04T09:45:58,0.656,6.282,80.168,26.1,24.99
2023-04-04T09:46:58,0.771,5.628,111.152,26.11,25.01
2023-04-04T09:47:58,0.709,5.062,85.93,25.95,25.03
2023-04-04T09:48:58,0.625,5.79,78.546,26.25,25.04
2023-04-04T09:49:58,0.651,5.713,96.208,26.22,25.07
2023-04-04T09:50:58,0.588,4.805,95.461,26.24,25.08
2023-04-04T09:51:58,0.428,5.743,135.405,26.18,25.1
2023-04-04T09:52:58,0.42,5.898,64.885,26.3,25.11
2023-04-04T09:53:58,0.733,6.512,137.552,26.3,25.14
2023-04-04T09:54:58,0.943,6.285,157.045,26.25,25.14
2023-04-04T09:55:58,0.719,6.172,81.562,26.42,25.18
2023-04-04T09:56:58,0.573,5.564,103.922,26.25,25.19
2023-04-04T09:57:58,0.643,6.131,103.989,26.29,25.21
2023-04-04T09:58:58,0.753,5.694,62.66,26.14,25.22
2023-04-04T09:59:58,1.029,7.46,81.458,26.27,25.25
2023-04-04T10:00:58,0.842,6.463,137.915,26.28,25.27
2023-04-04T10:01:58,0.929,6.97,203.232,26.25,25.28
2023-04-04T10:02:58,0.633,5.492,138.289,26.16,25.3
2023-04-04T10:03:58,0.564,6.277,72.846,26.13,25.32
2023-04-04T10:04:58,0.797,6.589,66.074,25.52,25.31
2023-04-04T10:05:58,0.567,7.364,120.013,24.94,25.25
2023-04-04T10:06:58,0.905,9.056,278.791,24.7,25.19
2023-04-04T10:07:58,1.651,12.927,325.939,24.38,25.12
2023-04-04T10:08:58,1.707,15.081,498.259,24,25.04
2023-04-04T10:09:58,1.37,14.685,378.463,23.46,24.94
2023-04-04T10:10:58,1.353,13.846,366.137,23.05,24.84
2023-04-04T10:11:58,1.314,14.285,325.328,22.83,24.73
2023-04-04T10:12:58,1.241,13.935,408.796,22.35,24.61
2023-04-04T10:13:58,1.448,11.555,182.164,21.9,24.49
2023-04-04T10:14:58,1.262,11.656,198.764,21.82,24.36
2023-04-04T10:15:58,1.57,11.239,111.129,21.66,24.25
2023-04-04T10:16:58,1.162,10.824,154.892,21.96,24.16
2023-04-04T10:17:58,0.905,7.882,117.684,22.12,24.09
2023-04-04T10:18:58,0.906,8.604,209.521,22.24,24.02
2023-04-04T10:19:58,0.704,7.149,114.579,22.29,23.96
2023-04-04T10:20:58,0.901,7.263,64.232,22.34,23.92
2023-04-04T10:21:58,0.967,7.729,94.704,22.45,23.87
2023-04-04T10:22:58,0.758,6.373,76.005,22.53,23.83
2023-04-04T10:23:58,1.186,6.171,97.727,22.63,23.79
2023-04-04T10:24:58,0.961,5.446,67.429,22.7,23.75
2023-04-04T10:25:58,0.438,4.734,55.947,22.7,23.73
2023-04-04T10:26:58,0.694,4.887,82.992,22.74,23.7
2023-04-04T10:27:58,0.459,4.53,91.081,22.79,23.69
2023-04-04T10:28:58,0.532,4.401,48.396,22.81,23.67
2023-04-04T10:29:58,0.367,4.144,32.575,22.83,23.66
2023-04-04T10:30:58,0.346,4.145,72.107,22.85,23.64
2023-04-04T10:31:58,0.629,4.068,21,22.83,23.63
2023-04-04T10:32:58,0.612,3.205,27.85,22.85,23.63
2023-04-04T10:33:58,0.471,3.576,30.552,22.87,23.62
2023-04-04T10:34:58,0.261,3.413,37.378,22.79,23.61
2023-04-04T10:35:58,0.539,2.832,11.469,22.8,23.61
2023-04-04T10:36:58,0.509,2.847,24.081,22.23,23.6
2023-04-04T10:37:58,0.566,2.881,28.051,21.74,23.56
2023-04-04T10:38:58,0.299,2.937,21.583,21.31,23.5
2023-04-04T10:39:58,0.238,2.528,37.88,20.82,23.44
2023-04-04T10:40:58,0.187,2.51,27.148,20.67,23.35
2023-04-04T10:41:58,0.436,2.809,17.061,20.89,23.3
2023-04-04T10:42:58,0.27,2.535,12.139,21.01,23.27
2023-04-04T10:43:58,0.5,3.238,9.24,21.1,23.25
2023-04-04T10:44:58,0.462,2.755,8.298,21.16,23.24
2023-04-04T10:45:58,0.37,2.191,11.742,21.24,23.22
2023-04-04T10:46:58,0.343,1.76,5.775,21.3,23.21
2023-04-04T10:47:58,0.13,1.915,4.651,21.36,23.2
2023-04-04T10:48:58,0.383,1.932,8.069,21.37,23.19
2023-04-04T10:49:58,0.424,2.404,30.201,21.39,23.19
2023-04-04T10:50:58,0.237,1.521,6.039,21.38,23.18
2023-04-04T10:51:58,0.247,1.231,9.392,21.39,23.18
2023-04-04T10:52:58,0.242,1.306,3.84,21.42,23.18
2023-04-04T10:53:58,0.287,1.732,9.954,21.38,23.18
2023-04-04T10:54:58,0.166,1.901,12.899,21.4,23.17
2023-04-04T10:55:58,0.561,1.514,4.743,21.45,23.19
2023-04-04T10:56:58,0.365,1.868,5.068,21.39,23.19
2023-04-04T10:57:58,0.252,1.821,17.866,21.38,23.2
2023-04-04T10:58:58,0.266,1.681,3.879,21.46,23.2
2023-04-04T10:59:58,0.111,1.528,7.155,21.5,23.2
2023-04-04T11:00:58,0.34,1.451,28.584,21.53,23.21
2023-04-04T11:01:58,0.667,2.163,7.064,21.54,23.23
2023-04-04T11:02:58,0.056,1.307,7.925,21.49,23.24
2023-04-04T11:03:58,0.269,1.356,6.166,21.5,23.25
2023-04-04T11:04:58,0.222,1.317,8.269,21.51,23.26
2023-04-04T11:05:58,0.113,1.51,22.143,21.53,23.27
2023-04-04T11:06:58,0.249,2.242,16.342,21.39,23.28
2023-04-04T11:07:58,0.458,2.317,25.535,21.48,23.29
2023-04-04T11:08:58,0.196,2.102,26.379,21.58,23.31
2023-04-04T11:09:58,0.167,1.7,39.197,21.57,23.32
2023-04-04T11:10:58,0.294,1.622,11.532,21.51,23.33
2023-04-04T11:11:58,0.209,1.557,10.161,21.5,23.34
2023-04-04T11:12:58,0.223,1.301,21.05,21.49,23.36
2023-04-04T11:13:58,0.583,1.575,7.399,21.5,23.38
2023-04-04T11:14:58,0.075,1.685,4.951,21.48,23.4
2023-04-04T11:15:58,0.202,1.347,2.943,21.44,23.41
2023-04-04T11:16:58,0.296,1.325,23.735,21.3,23.42
2023-04-04T11:17:58,0.303,1.587,12.063,21.27,23.44
2023-04-04T11:18:58,0.229,1.404,7.389,21.48,23.45
2023-04-04T11:19:58,0.251,1.455,12.961,21.38,23.47
2023-04-04T11:20:58,0.166,0.989,8.258,21.46,23.48
2023-04-04T11:21:58,0.205,1.058,6.789,21.44,23.5
2023-04-04T11:22:58,0.303,1.145,10.131,21.41,23.52
2023-04-04T11:23:58,0.335,1.449,9.042,21.39,23.53
2023-04-04T11:24:58,0.172,1.202,11.862,21.42,23.54
2023-04-04T11:25:58,1.011,2.076,3.899,21.44,23.56
2023-04-04T11:26:58,0.147,0.933,10.354,21.43,23.58
2023-04-04T11:27:58,0.119,1.049,6.647,21.42,23.6
2023-04-04T11:28:58,0.182,1.504,12.889,21.39,23.61
2023-04-04T11:29:58,0.203,1.193,18.785,21.41,23.62
2023-04-04T11:30:58,0.314,1.577,19.843,21.44,23.63
2023-04-04T11:31:58,0.133,1.359,3.366,21.44,23.65
2023-04-04T11:32:58,0.264,1.481,7.527,21.42,23.67
2023-04-04T11:33:58,0.176,1.238,4.329,21.46,23.68
2023-04-04T11:34:58,0.084,0.832,4.325,21.42,23.69
2023-04-04T11:35:58,0.154,1.05,4.249,21.45,23.71
2023-04-04T11:36:58,0.41,5.409,192.467,21.47,23.72
2023-04-04T11:37:58,1.28,5.432,117.729,21.47,23.75
2023-04-04T11:38:58,0.783,7.524,210.721,21.68,23.76
2023-04-04T11:39:58,0.684,7.973,210.759,22.23,23.78
2023-04-04T11:40:58,1.16,10.335,165.114,22.49,23.81
2023-04-04T11:41:58,1.267,11.471,405.07,22.77,23.83
2023-04-04T11:42:58,1.896,12.994,223.444,23.23,23.87
2023-04-04T11:43:58,1.267,9.686,258.204,23.33,23.89
2023-04-04T11:44:58,0.814,10.301,308.224,23.46,23.91
2023-04-04T11:45:58,1.03,11.262,253.524,23.75,23.94
2023-04-04T11:56:58,1.224,12.354,233.815,24.61,24.26
2023-04-04T11:57:58,1.415,12.681,277.203,24.47,24.29
2023-04-04T11:58:58,1.548,12.98,284.436,24.39,24.32
2023-04-04T11:59:58,1.408,12.413,262.022,24.35,24.34
2023-04-04T12:00:58,1.144,12.097,213.306,24.31,24.36
2023-04-04T12:01:58,0.829,7.904,162.813,24.2,24.38
2023-04-04T12:02:56,2.107,11.023,159.154,24.09,24.41
2023-04-04T12:03:56,1.575,9.304,212.587,24.03,24.41
2023-04-04T12:04:56,0.926,9.134,146.827,23.98,24.44
2023-04-04T12:05:56,1.692,9.65,96.049,23.92,24.45
2023-04-04T12:06:56,0.745,7.586,164.745,23.9,24.47
2023-04-04T12:07:56,0.663,7.497,102.977,23.8,24.49
2023-04-04T12:08:56,0.806,8.059,85.034,23.76,24.5
2023-04-04T12:09:56,0.52,6.249,67.512,23.69,24.51
2023-04-04T12:10:56,0.665,5.79,110.284,23.63,24.53
2023-04-04T12:23:56,0.409,3.18,76.107,22.91,24.61
2023-04-04T12:24:56,0.44,3.1,21.73,22.78,24.61
2023-04-04T12:25:56,0.396,2.316,36.213,22.72,24.61
2023-04-04T12:26:56,0.305,2.381,35.022,22.64,24.62
2023-04-04T12:27:56,2.058,4.445,27.13,22.68,24.63
2023-04-04T12:28:56,0.274,2.508,14.237,22.67,24.63
2023-04-04T12:29:56,0.316,2.203,15.129,22.64,24.63
2023-04-04T12:30:56,0.391,2.961,40.121,22.61,24.64
2023-04-04T12:31:56,0.332,1.884,14.388,22.59,24.64
2023-04-04T12:47:56,1.376,12.736,322.9,23.17,24.77
2023-04-04T12:48:56,1.232,12.579,359.668,23,24.72
2023-04-04T12:49:56,1.052,12.311,399.42,22.39,24.68
2023-04-04T12:50:56,1.347,11.472,294.959,21.99,24.61
2023-04-04T12:51:56,1.73,15.069,399.808,21.89,24.53
2023-04-04T12:52:56,1.343,14.324,337.42,21.52,24.45
2023-04-04T12:53:56,1.211,13.078,355.714,21.43,24.35
2023-04-04T12:54:56,1.099,14.043,384.199,21.48,24.25
2023-04-04T12:55:56,1.077,12.126,404.691,21.4,24.15
2023-04-04T13:21:56,1.693,11.562,184.542,24.17,23.49
2023-04-04T13:22:56,1.295,10.98,155.328,24.48,23.5
2023-04-04T13:23:56,1.218,10.395,162.791,24.7,23.51
2023-04-04T13:24:56,1.517,10.755,245.139,25.06,23.52
2023-04-04T13:25:56,0.802,9.532,200.009,25.33,23.55
2023-04-04T13:26:56,1.082,9.393,182.207,25.27,23.56
2023-04-04T13:27:56,1.412,10.028,101.573,25.31,23.58
2023-04-04T13:28:56,0.888,9.24,157.326,25,23.59
2023-04-04T13:29:56,0.923,9.759,206.262,24.17,23.58
2023-04-04T13:30:56,0.948,7.47,160.871,23.66,23.53
2023-04-04T13:41:56,0.851,7.315,129.169,24.91,23.34
2023-04-04T13:42:56,0.674,6.909,72.275,25.11,23.37
2023-04-04T13:43:56,0.586,6.267,150.998,25.12,23.39
2023-04-04T13:44:56,0.95,7.779,171.259,25.53,23.41
2023-04-04T13:45:56,0.76,9.514,157.829,26,23.44
2023-04-04T13:46:56,1.051,8.627,152.575,26.15,23.48
2023-04-04T13:47:56,0.888,9.377,175.564,26.04,23.51
2023-04-04T13:48:56,1.077,9.37,153.191,26.01,23.53
2023-04-04T13:49:56,1.008,8.473,136.033,26.18,23.57
2023-04-04T13:50:56,1.097,9.299,198.664,26.22,23.6
2023-04-04T13:51:56,1.104,8.964,182.871,26.34,23.64
2023-04-04T13:52:56,0.989,8.715,293.97,26.64,23.67
2023-04-04T13:53:56,1.098,8.835,133.952,26.5,23.71
2023-04-04T13:54:56,1.387,8.943,139.664,25.7,23.73
2023-04-04T13:55:56,0.815,8.587,172.173,25,23.73
2023-04-04T15:20:56,0.14,1.781,13.245,22.5,23.92
2023-04-04T15:21:56,0.354,1.787,8.11,22.59,23.94
2023-04-04T15:22:56,0.362,1.981,9.696,22.7,23.96
2023-04-04T15:23:56,0.124,1.57,5.902,22.68,23.99
2023-04-04T15:24:56,0.234,1.703,10.524,22.71,24.01
2023-04-04T15:25:56,0.208,1.764,32.572,22.59,24.02
2023-04-04T15:26:56,0.073,1.386,6.533,22.77,24.04
2023-04-04T15:29:56,0.432,3.45,101.011,22.73,24.11
2023-04-05T07:30:59,0.671,1.972,29.046,14.91,19.17
2023-04-05T07:31:59,0.48,1.807,8.558,14.95,19.19
2023-04-05T07:32:59,0.542,1.921,10.913,14.95,19.22
2023-04-05T07:33:59,0.359,1.815,14.64,14.79,19.25
2023-04-05T07:34:59,0.432,1.62,54.61,15.11,19.28
2023-04-05T07:35:59,0.536,2.405,61.143,15.04,19.3
2023-04-05T07:36:59,0.59,2.349,36.221,15.19,19.33
2023-04-05T07:37:59,0.675,3.132,81.506,14.77,19.36
2023-04-05T07:38:59,0.606,2.441,87.325,14.83,19.38
2023-04-05T07:39:59,0.537,2.081,70.104,14.88,19.41
2023-04-05T07:40:59,0.468,2.655,36.199,14.97,19.45
2023-04-05T07:41:59,0.506,3.508,138.333,15.06,19.47
2023-04-05T07:42:59,0.695,4.308,96.776,14.94,19.5
2023-04-05T07:43:59,0.546,4.352,125.023,14.78,19.53
2023-04-05T07:44:59,0.687,3.802,120.956,14.64,19.57
2023-04-05T07:45:59,0.703,4.894,137.346,14.63,19.6
2023-04-05T07:46:59,0.918,4.382,137.105,14.6,19.64
2023-04-05T07:47:59,0.691,3.77,101.881,14.58,19.67
2023-04-05T07:48:59,0.7,3.491,63.291,14.53,19.71
2023-04-05T07:49:59,0.717,4.197,40.302,14.46,19.74
2023-04-05T07:50:59,0.617,3.24,95.732,14.47,19.78
2023-04-05T07:51:59,0.871,5.039,46.346,14.61,19.81
2023-04-05T07:52:59,0.812,6.823,96.907,14.83,19.84
2023-04-05T07:53:59,1.393,11.525,293.568,15.07,19.88
2023-04-05T07:54:59,1.229,10.053,177.881,15.26,19.91
2023-04-05T07:55:59,1.288,10.942,228.341,15.23,19.95
2023-04-05T07:56:59,1.264,11.488,307.915,15.58,19.98
2023-04-05T07:57:59,1.495,15.637,245.137,15.92,20.02
2023-04-05T07:58:59,1.377,14.338,314.178,16.17,20.07
2023-04-05T07:59:59,1.843,12.494,324.593,16.39,20.11
2023-04-05T08:00:59,1.817,13.857,374.068,16.51,20.14
2023-04-05T08:01:59,1.612,12.825,220.323,16.77,20.18
2023-04-05T08:02:59,2.505,14.616,364.783,17.02,20.21
2023-04-05T08:03:59,1.527,13.153,211.391,17.06,20.26
2023-04-05T08:04:59,1.353,14.239,217.326,17.27,20.3
2023-04-05T08:05:59,1.634,12.674,244.413,17.52,20.34
2023-04-05T08:06:59,1.511,11.872,211.65,17.55,20.38
2023-04-05T08:07:59,1.278,11.549,132.733,17.71,20.42
2023-04-05T08:08:59,1.365,11.005,224.322,17.74,20.45
2023-04-05T08:09:59,1.188,10.784,203.842,17.91,20.5
2023-04-05T08:10:59,1.998,11.11,203.401,18.05,20.54
2023-04-05T08:11:59,1.28,11.059,277.587,18.17,20.57
2023-04-05T08:12:59,1.211,11.517,179.695,18.21,20.61
2023-04-05T08:13:59,1.538,10.575,172.737,18.44,20.65
2023-04-05T08:14:59,1.054,9.662,170.444,18.64,20.68
2023-04-05T08:15:59,0.933,9.163,178.561,18.45,20.72
2023-04-05T08:16:59,1.182,8.834,112.202,18.66,20.76
2023-04-05T08:17:59,0.762,7.743,246.94,18.89,20.79
2023-04-05T08:18:59,0.945,8.382,182.956,18.96,20.83
2023-04-05T08:19:59,1.24,9.026,153.479,18.87,20.87
2023-04-05T08:20:59,0.874,9.207,125.715,18.99,20.91
2023-04-05T08:21:59,0.856,8.762,188.267,19.23,20.95
2023-04-05T08:22:59,0.751,7.538,99.961,19.41,20.98
2023-04-05T08:23:59,0.821,8.43,199.413,19.33,21.02
2023-04-05T08:24:59,1.22,7.941,139.741,19.53,21.06
2023-04-05T08:25:59,0.892,7.396,175.241,19.4,21.09
2023-04-05T08:26:59,0.919,7.406,184.193,19.43,21.13
2023-04-05T08:27:59,0.813,7.135,135.369,19.78,21.16
2023-04-05T08:28:59,0.54,7.324,128.074,19.92,21.22
2023-04-05T08:29:59,0.886,6.706,71.552,19.82,21.24
2023-04-05T08:30:59,0.766,8.336,122.996,20.09,21.28
2023-04-05T08:31:59,1.508,9.213,186.574,20.05,21.32
2023-04-05T08:32:59,0.968,8.755,285.031,20.39,21.35
2023-04-05T08:33:59,1.055,11.249,182.987,20.59,21.39
2023-04-05T08:34:59,1.438,11.223,166.879,20.76,21.45
2023-04-05T08:35:59,1.125,9.388,215.631,20.61,21.48
2023-04-05T08:36:59,1.321,9.14,185.905,20.65,21.52
2023-04-05T08:37:59,0.97,9.725,209.802,20.14,21.55
2023-04-05T08:38:59,1.514,9.628,139.037,20.56,21.58
2023-04-05T08:39:59,0.87,7.507,160.61,20.48,21.62
2023-04-05T08:40:59,0.906,7.837,127.308,20.69,21.64
2023-04-05T08:41:59,0.944,7.376,111.428,20.62,21.68
2023-04-05T08:42:59,0.894,7.58,162.762,20.86,21.72
2023-04-05T08:43:59,0.83,6.646,142.636,20.75,21.75
2023-04-05T08:44:59,0.829,6.798,152.81,20.85,21.79
2023-04-05T08:45:59,0.899,8.485,132.488,20.81,21.82
2023-04-05T08:46:59,0.829,6.008,114.797,21.09,21.86
2023-04-05T08:47:59,1.104,7.325,87.882,20.75,21.89
2023-04-05T08:48:59,0.626,6.176,73.259,20.98,21.92
2023-04-05T08:49:59,0.679,6.3,104.492,20.74,21.96
2023-04-05T08:50:59,0.541,5.664,50.236,20.9,21.99
2023-04-05T08:51:59,0.79,5.622,53.963,20.84,22.02
2023-04-05T08:52:59,0.708,5.351,34.712,20.95,22.05
2023-04-05T08:53:59,0.502,5.408,60.886,20.89,22.08
2023-04-05T08:54:59,0.953,4.581,98.722,21.22,22.1
2023-04-05T08:55:59,0.33,4.671,58.957,21.13,22.13
2023-04-05T08:56:59,0.502,4.951,82.076,21.05,22.17
2023-04-05T08:57:59,0.983,4.726,60.707,21.1,22.19
2023-04-05T08:58:59,0.484,4.005,40.584,21.21,22.22
2023-04-05T08:59:59,0.353,3.705,35.01,21.25,22.24
2023-04-05T09:00:59,0.681,4.137,47.998,21.63,22.28
2023-04-05T09:01:59,0.552,4.667,64.46,21.55,22.32
2023-04-05T09:02:59,0.63,4.024,56.085,21.49,22.33
2023-04-05T09:03:59,0.508,4.098,32.199,21.39,22.36
2023-04-05T09:04:59,0.319,3.594,61.837,21.47,22.38
2023-04-05T09:05:59,0.837,3.99,44.561,21.26,22.41
2023-04-05T09:06:59,0.501,3.532,48.415,21.51,22.44
2023-04-05T09:07:59,0.325,3.719,67.906,21.65,22.46
2023-04-05T09:08:59,0.395,3.056,68.508,21.54,22.48
2023-04-05T09:09:59,0.518,3.887,50.262,21.81,22.51
2023-04-05T09:10:59,0.43,3.906,77.052,22.02,22.54
2023-04-05T09:11:59,0.631,5.171,48.824,21.81,22.57
2023-04-05T09:12:59,0.503,4.581,61.542,21.69,22.59
2023-04-05T09:13:59,0.89,5.208,78.224,21.83,22.61
2023-04-05T09:14:59,0.387,4.82,66.086,21.8,22.63
2023-04-05T09:15:59,0.586,4.119,55.753,22.02,22.65
2023-04-05T09:16:59,0.534,4.061,52.006,22.3,22.69
2023-04-05T09:17:59,0.745,4.332,65.335,21.83,22.71
2023-04-05T09:18:59,0.355,4.985,92.677,22.09,22.73
2023-04-05T09:19:59,0.501,4.576,71.925,22.15,22.76
2023-04-05T09:20:59,0.559,5.323,116.791,22.13,22.78
2023-04-05T09:21:59,0.931,6.027,103.369,22.28,22.8
2023-04-05T09:22:59,0.606,4.803,73.451,22.34,22.83
2023-04-05T09:23:59,0.739,4.814,105.936,22.43,22.85
2023-04-05T09:24:59,0.612,5.113,74.931,22.51,22.88
2023-04-05T09:25:59,0.576,4.479,77.55,22.76,22.9
2023-04-05T09:26:59,0.39,4.067,122.366,22.72,22.94
2023-04-05T09:27:59,0.505,4.356,97.585,22.58,22.95
2023-04-05T09:28:59,0.564,4.381,94.314,22.81,22.97
2023-04-05T09:29:59,0.419,5.338,68.996,22.86,22.99
2023-04-05T09:30:59,0.558,4.467,63.478,22.78,23.02
2023-04-05T09:31:59,0.303,5.138,35.13,22.7,23.04
2023-04-05T09:32:59,0.414,4.37,74.773,22.82,23.06
2023-04-05T09:33:59,0.273,3.746,66.044,22.75,23.09
2023-04-05T09:34:59,0.626,3.407,40.498,23.04,23.11
2023-04-05T09:35:59,0.364,3.908,85.01,22.97,23.13
2023-04-05T09:36:59,0.465,3.998,60.741,23.18,23.16
2023-04-05T09:37:59,0.682,4.379,94.467,22.83,23.17
2023-04-05T09:38:59,0.547,5.083,78.782,23.1,23.2
2023-04-05T09:39:59,0.763,5.191,85.299,23.12,23.22
2023-04-05T09:40:59,0.618,4.135,119.143,23.39,23.23
2023-04-05T09:41:59,0.36,4.199,54.217,23.38,23.26
2023-04-05T09:42:59,0.372,4.54,69.562,23.42,23.28
2023-04-05T09:43:59,0.619,3.275,80.419,23.47,23.3
2023-04-05T09:44:59,0.324,4.01,24.357,23.36,23.32
2023-04-05T09:45:59,0.378,3.894,80.806,23.56,23.35
2023-04-05T09:46:59,0.822,4.891,62.421,23.65,23.38
2023-04-05T09:47:59,0.415,4.393,51.108,23.61,23.39
2023-04-05T09:48:59,0.602,3.821,121.276,23.67,23.41
2023-04-05T09:49:59,0.372,4.168,90.737,23.65,23.43
2023-04-05T09:50:59,0.557,3.782,49.539,23.23,23.45
2023-04-05T09:51:59,0.587,4.71,64.587,23.59,23.46
2023-04-05T09:52:59,0.524,5.297,132.199,23.61,23.49
2023-04-05T09:53:59,0.456,4.072,59.915,23.71,23.51
2023-04-05T09:54:59,0.734,5.425,81.247,23.8,23.53
2023-04-05T09:55:59,1.209,7.037,68.739,23.63,23.54
2023-04-05T09:56:59,0.543,5.158,78.962,23.71,23.57
2023-04-05T09:57:59,1.018,5.468,142.721,23.69,23.59
2023-04-05T09:58:59,0.731,6.953,197.468,23.71,23.61
2023-04-05T09:59:59,1.057,8.59,150.108,24.23,23.62
2023-04-05T10:00:59,1.225,10.677,253.697,24.15,23.65
2023-04-05T10:01:59,1.116,10.536,248.875,24.27,23.67
2023-04-05T10:02:59,0.852,10.88,251.116,24.31,23.69
2023-04-05T10:03:59,1.169,9.612,236.821,24.21,23.71
2023-04-05T10:04:59,1.561,13.467,368.483,23.7,23.73
2023-04-05T10:05:59,1.287,13.057,220.434,23.61,23.74
2023-04-05T10:06:59,0.776,9.654,214.051,23.85,23.76
2023-04-05T10:07:59,1.198,10.832,228.391,23.79,23.78
2023-04-05T10:08:59,1.138,11.235,197.71,23.69,23.8
2023-04-05T10:09:59,1.629,12.205,281.02,23.57,23.81
2023-04-05T10:10:59,2.035,11.336,266.909,23.51,23.83
2023-04-05T10:11:59,1.81,11.357,187.601,23.4,23.84
2023-04-05T10:12:59,1.31,10.472,130.958,23.23,23.85
2023-04-05T10:13:59,0.771,9.878,183.589,23.12,23.86
2023-04-05T10:14:59,0.951,8.603,213.12,22.78,23.87
2023-04-05T10:15:59,1.057,9.262,173.518,22.34,23.89
2023-04-05T10:16:59,0.732,7.111,91.902,22.2,23.9
2023-04-05T10:17:59,0.83,6.72,76.061,22.24,23.91
2023-04-05T10:18:59,0.851,6.858,70.63,22.08,23.91
2023-04-05T10:19:59,0.668,6.021,99.762,22.09,23.92
2023-04-05T10:20:59,0.638,6.56,127.388,22.09,23.93
2023-04-05T10:21:59,0.921,6.212,84.253,22.12,23.94
2023-04-05T10:22:59,0.806,5.38,71.278,22.02,23.94
2023-04-05T10:23:59,0.923,5.91,76.609,21.92,23.96
2023-04-05T10:24:59,0.391,4.777,108.855,21.68,23.96
2023-04-05T10:25:59,0.695,4.503,42.411,21.44,23.96
2023-04-05T10:26:59,0.594,3.945,86.997,21.27,23.96
2023-04-05T10:27:59,0.469,4.863,40.249,21.29,23.97
2023-04-05T10:28:59,0.723,4.705,62.181,21.16,23.97
2023-04-05T10:29:59,0.835,6.364,52.518,21.31,23.98
2023-04-05T10:30:59,0.562,4.079,43.696,21.36,23.97
2023-04-05T10:31:59,0.559,4.555,51.794,21.33,23.98
2023-04-05T10:32:59,0.334,3.757,62.81,21.25,23.99
2023-04-05T10:33:59,0.324,3.714,45.065,21.22,23.98
2023-04-05T10:34:59,0.318,3.37,43.538,21.16,23.99
2023-04-05T10:35:59,0.425,3.641,19.465,21.1,24
2023-04-05T10:36:59,0.409,3.466,26.353,21.11,23.99
2023-04-05T10:37:59,0.418,3.529,50.04,21.15,23.99
2023-04-05T10:38:59,0.343,3.281,28.079,21.12,23.99
2023-04-05T10:39:59,0.213,2.73,26.199,21.1,24
2023-04-05T10:40:59,0.433,3.376,26.5,21.07,23.99
2023-04-05T10:41:59,0.273,2.706,20.179,20.95,24
2023-04-05T10:42:59,0.394,2.869,19.307,20.95,24
2023-04-05T10:43:59,0.283,2.131,12.358,20.97,23.99
2023-04-05T10:44:59,0.667,3.002,19.95,20.93,24
2023-04-05T10:45:59,0.256,2.558,32.437,20.93,24
2023-04-05T10:46:59,0.515,2.77,14.104,20.91,23.99
2023-04-05T10:47:59,0.282,1.873,19.261,20.83,24
2023-04-05T10:48:59,0.258,1.98,7.322,20.81,24
2023-04-05T10:49:59,0.311,2.227,20.285,20.79,24
2023-04-05T10:50:59,0.56,1.953,20.753,20.57,24
2023-04-05T10:51:59,0.347,2.124,29.049,20.57,24.01
2023-04-05T10:52:59,0.308,2.016,10.538,20.53,24.01
2023-04-05T10:53:59,0.374,3.208,42.088,20.55,24
2023-04-05T10:54:59,0.892,7.825,195.174,20.57,24.01
2023-04-05T11:00:59,0.769,6.187,60.197,22.24,24.06
2023-04-05T11:01:59,0.702,5.883,101.671,22.21,24.07
2023-04-05T11:02:59,0.644,5.019,178.159,22.27,24.09
2023-04-05T11:03:59,1.141,6.206,62.842,22.69,24.1
2023-04-05T11:04:59,0.832,5.699,133.243,22.62,24.12
2023-04-05T11:05:59,0.752,6.25,97.869,22.88,24.13
2023-04-05T11:06:59,0.594,6.229,143.602,22.95,24.14
2023-04-05T11:07:59,0.887,7.17,106.894,23.01,24.16
2023-04-05T11:08:59,0.689,5.675,120.656,23.19,24.18
2023-04-05T11:09:59,1.129,7.627,124.124,23.53,24.2
2023-04-05T11:10:59,0.728,7.662,123.905,23.86,24.22
2023-04-05T11:11:59,1.474,8.694,98.216,23.84,24.24
2023-04-05T11:12:59,0.707,7.864,127.7,24.04,24.26
2023-04-05T11:13:59,0.739,6.123,106.887,24.32,24.28
2023-04-05T11:14:59,0.959,6.874,108.657,24.12,24.3
2023-04-05T11:15:59,0.696,7.443,104.014,24.54,24.32
2023-04-05T11:16:59,1.161,7.135,209.038,24.8,24.34
2023-04-05T11:17:59,0.655,6.987,104.065,24.78,24.36
2023-04-05T11:18:59,1.08,7.374,101.957,24.51,24.38
2023-04-05T11:19:59,0.841,7.103,151.932,24.48,24.41
2023-04-05T11:20:59,0.867,6.067,155.214,24.44,24.42
2023-04-05T11:21:59,0.67,5.684,123.03,24.58,24.46
2023-04-05T11:22:59,0.723,6.23,114.814,24.74,24.48
2023-04-05T11:23:59,0.905,6.012,72.579,24.61,24.51
2023-04-05T11:24:59,0.625,5.24,102.113,24.78,24.53
2023-04-05T11:25:59,1.051,6.597,72.897,24.95,24.55
2023-04-05T11:26:59,0.739,5.444,70.1,25.06,24.58
2023-04-05T11:27:59,0.416,5.695,76.37,25.27,24.6
2023-04-05T11:28:59,0.538,6.765,104.329,25.26,24.62
2023-04-05T11:29:59,0.574,5.807,100.299,25.14,24.65
2023-04-05T11:30:59,1.116,6.453,106.507,25.21,24.68
2023-04-05T11:31:59,0.895,6.756,123.9,25.48,24.69
2023-04-05T11:32:59,0.732,7.097,147.381,25.93,24.71
2023-04-05T11:33:59,1.102,7.481,156.032,25.83,24.74
2023-04-05T11:34:59,0.789,7.205,111.43,25.72,24.76
2023-04-05T11:35:59,0.824,7.391,134.109,25.97,24.79
2023-04-05T11:36:59,0.927,6.778,117.951,25.61,24.81
2023-04-05T11:37:59,0.777,7.197,191.774,25.75,24.84
2023-04-05T11:38:59,0.715,7.786,103.229,25.85,24.87
2023-04-05T11:39:59,0.645,6.022,86.009,25.81,24.87
2023-04-05T11:40:59,0.778,7.736,97.641,25.89,24.9
2023-04-05T11:41:59,1.129,9.201,93.408,26.11,24.93
2023-04-05T11:42:59,0.897,9.331,190.383,26.29,24.95
2023-04-05T11:43:59,1.018,7.87,170.344,26.43,24.97
2023-04-05T11:44:59,1.362,10.612,154.748,26.37,24.99
2023-04-05T11:45:59,0.82,7.775,216.636,26.05,25.02
2023-04-05T11:46:59,1.246,8.465,126.732,25.93,25.04
2023-04-05T11:47:59,1.275,8.951,209.86,26.43,25.06
2023-04-05T11:48:59,0.979,11.146,219.448,26.7,25.09
2023-04-05T11:49:59,1.379,15.671,338.564,26.81,25.12
2023-04-05T11:50:59,1.292,12.528,283.019,26.42,25.13
2023-04-05T11:51:59,1.817,15.951,344.545,26.53,25.17
2023-04-05T11:52:59,1.419,12.557,232.615,26.47,25.18
2023-04-05T11:53:59,1.006,11.324,231.263,26.16,25.2
2023-04-05T11:54:59,1.137,11.4,259.494,25.81,25.23
2023-04-05T12:01:59,0.655,8.659,130.536,25.02,25.33
2023-04-05T12:02:59,1.169,8.033,115.392,24.94,25.34
2023-04-05T12:03:59,0.861,7.876,68.329,24.8,25.36
2023-04-05T12:04:59,0.982,7.738,100.868,24.75,25.37
2023-04-05T12:05:59,0.758,7.508,129.853,24.65,25.37
2023-04-05T12:06:59,1.185,7.114,75.491,24.61,25.39
2023-04-05T12:07:59,0.789,6.058,113.513,24.5,25.39
2023-04-05T12:08:59,0.986,6.608,69.707,24.4,25.41
2023-04-05T12:09:59,0.797,5.448,42.483,24.2,25.41
2023-04-05T12:10:59,0.599,5.168,40.663,24.09,25.41
2023-04-05T12:11:59,1.052,5.22,34.923,24.07,25.42
2023-04-05T12:12:59,3.085,7.439,78.004,23.94,25.43
2023-04-05T12:13:59,0.63,5.004,50.379,23.87,25.43
2023-04-05T12:14:59,0.526,4.215,59.373,23.87,25.43
2023-04-05T12:15:59,0.633,3.834,21.282,23.8,25.43
2023-04-05T12:16:59,0.281,4.437,67.747,23.75,25.43
2023-04-05T12:17:59,0.399,4.189,38.655,23.7,25.43
2023-04-05T12:18:59,0.404,3.639,37.883,23.65,25.43
2023-04-05T12:19:59,0.357,3.334,30.282,23.61,25.43
2023-04-05T12:20:59,0.493,3.113,28.301,23.56,25.43
2023-04-05T12:21:59,0.619,3.621,32.885,23.56,25.42
2023-04-05T12:22:59,0.479,3.664,25.565,23.52,25.42
2023-04-05T12:23:59,0.518,4.168,17.675,23.48,25.42
2023-04-05T12:24:59,1.067,3.389,19.302,23.46,25.42
2023-04-05T12:25:59,0.376,3.574,48.176,23.45,25.42
2023-04-05T12:26:59,0.33,3,45.866,23.4,25.41
2023-04-05T12:27:59,0.492,2.779,11.43,23.42,25.41
2023-04-05T12:28:59,0.319,2.946,53.579,23.39,25.4
2023-04-05T12:34:59,1.916,11.765,249.295,24.22,25.38
2023-04-05T12:35:59,1.381,11.947,216.702,24.11,25.38
2023-04-05T12:36:59,1.967,13.266,437.377,24.38,25.39
2023-04-05T12:37:59,1.741,11.644,338.404,24.47,25.4
2023-04-05T12:38:59,1.362,13.685,321.92,24.76,25.4
2023-04-05T12:39:59,2.148,14.159,267.214,24.58,25.41
2023-04-05T12:40:59,1.409,14.383,375.308,25.02,25.42
2023-04-05T12:41:59,1.588,14.347,363.038,25.53,25.42
2023-04-05T12:42:59,2.026,14.397,360.639,25.6,25.44
2023-04-05T12:43:59,1.84,17.219,381.624,25.38,25.44
2023-04-05T12:44:59,1.594,15.948,316.264,25.68,25.46
2023-04-05T12:45:59,1.623,16.815,321.364,25.61,25.47
2023-04-05T12:46:59,2.234,16.681,317.717,25.97,25.48
2023-04-05T12:47:59,1.65,14.253,329.381,25.77,25.49
2023-04-05T12:48:59,1.519,12.675,265.581,25.9,25.5
2023-04-05T12:49:59,1.414,15.051,339.19,26.04,25.51
2023-04-05T12:50:59,2.009,16.514,449.023,26.29,25.52
2023-04-05T12:51:59,1.655,16.079,498.782,26.43,25.54
2023-04-05T12:52:59,1.541,14.938,489.919,26.16,25.56
2023-04-05T12:53:59,1.753,17.641,299.205,26.28,25.57
2023-04-05T12:54:59,1.644,16.393,367.368,26.42,25.58
2023-04-05T12:55:59,1.983,15.99,299.978,26.64,25.6
2023-04-05T12:56:59,1.785,15.804,274.503,26.94,25.61
2023-04-05T12:57:59,2.428,18.587,416.361,27.51,25.62
2023-04-05T12:58:59,2.33,19.976,361.014,27.36,25.64
2023-04-05T12:59:59,2.445,20.301,497.074,27.41,25.65
2023-04-05T13:26:00,0.671,4.657,130.089,22.29,24.56
2023-04-05T13:27:00,0.778,5.541,63.531,22.84,24.49
2023-04-05T13:28:00,0.979,4.954,81.032,23.19,24.42
2023-04-05T13:29:00,0.787,7.614,88.898,23.52,24.38
2023-04-05T13:30:00,1.029,8.57,192.596,23.96,24.34
2023-04-05T13:41:00,1.12,9.808,135.849,22.9,23.76
2023-04-05T13:42:00,1.489,8.99,215.07,23.25,23.72
2023-04-05T13:43:00,1.58,10.238,203.344,23.44,23.68
2023-04-05T13:44:00,1.552,9.067,128.341,23.68,23.66
2023-04-05T13:45:00,1.351,10.888,200.328,23.98,23.65
2023-04-05T13:56:00,1.727,11.338,265.194,23.89,23.55
2023-04-05T13:57:00,1.85,12.222,249.187,23.89,23.5
2023-04-05T13:58:00,0.868,10.366,248.432,23.79,23.44
2023-04-05T13:59:00,1.199,10.834,278.604,23.92,23.41
2023-04-05T14:00:00,1.724,15.17,310.891,24.17,23.39
2023-04-05T14:01:00,2.269,15.1,429.136,24.47,23.39
2023-04-05T14:02:00,4.529,15.245,314.349,24.91,23.4
2023-04-05T14:03:00,1.141,15.003,362.821,25.27,23.41
2023-04-05T14:04:00,3.08,16.663,479.17,25.56,23.43
2023-04-05T14:05:00,1.98,18.201,386.724,26.03,23.45
2023-04-05T14:20:00,3.388,29.259,728.566,30.58,23.94
2023-04-05T14:21:00,3.42,28.777,641.282,29.82,23.98
2023-04-05T14:22:00,2.229,24.419,411.508,29.04,24.01
2023-04-05T14:23:00,3.037,25.816,432.778,28.71,24.04
2023-04-05T14:24:00,2.438,23.31,449.056,28.65,24.07
2023-04-05T14:25:00,1.948,24.122,500.32,28.25,24.11
2023-04-05T14:26:00,3.225,21.511,379.848,28.24,24.14
2023-04-05T14:27:00,2.641,19.132,347.955,28.08,24.18
2023-04-05T14:28:00,1.558,18.132,223.285,27.87,24.2
2023-04-05T14:29:00,1.672,15.937,277.285,27.69,24.23
2023-04-05T14:30:00,1.561,15.271,254.785,27.58,24.27
2023-04-05T14:31:00,2.354,14.067,242.282,27.25,24.29
2023-04-05T14:32:00,1.672,11.867,262.5,27.28,24.32
2023-04-05T14:33:00,1.258,11.492,207.182,27.03,24.35
2023-04-05T14:34:00,1.258,11.858,163.019,26.85,24.37
2023-04-05T14:50:00,0.854,6.435,142.343,25.83,24.71
2023-04-05T14:51:00,1.334,7.086,80.736,25.77,24.73
2023-04-05T14:52:00,0.836,7.245,103.204,25.82,24.74
2023-04-05T14:53:00,0.991,6.615,65.728,25.77,24.76
2023-04-05T14:54:00,1.147,8.084,93.974,25.68,24.77
2023-04-05T15:07:00,0.383,2.651,27.746,25.07,24.96
2023-04-05T15:08:00,0.243,2.853,20.823,25.05,24.98
2023-04-05T15:09:00,0.598,3.102,42.806,25,24.99
2023-04-05T15:10:00,0.428,2.717,47.163,24.92,25
2023-04-05T15:11:00,0.672,2.924,9.873,24.94,25.01
2023-04-05T15:12:00,0.525,2.595,26.719,24.94,25.03
2023-04-05T15:13:00,0.331,2.446,14.457,24.92,25.04
2023-04-05T15:14:00,1.06,3.139,26.972,25,25.05
2023-04-05T15:15:00,0.293,3.18,39.882,24.99,25.06
2023-04-05T15:16:00,0.31,2.841,10.309,25,25.08
2023-04-05T15:17:00,0.33,1.887,19.15,24.98,25.08
2023-04-05T15:18:00,0.22,1.901,35.96,24.98,25.11
2023-04-05T15:19:00,0.285,2.073,9.264,24.95,25.1
2023-04-05T15:20:00,0.448,2.514,33,24.94,25.13
2023-04-05T15:21:00,0.123,0.816,3.318,24.91,25.13
2023-04-05T15:22:00,0.301,1.53,8.36,24.96,25.14
2023-04-05T15:23:00,0.313,1.847,13.541,24.91,25.15
2023-04-05T15:24:00,0.329,1.441,14.127,25.03,25.18
2023-04-06T07:30:01,0.876,1.72,27.514,15.65,19.96
2023-04-06T07:31:01,1.274,2.177,18.278,15.65,19.98
2023-04-06T07:32:01,0.916,2.056,4.44,15.69,20
2023-04-06T07:33:01,0.759,1.73,5.139,15.86,20.03
2023-04-06T07:34:01,0.78,1.859,4.376,15.62,20.06
2023-04-06T07:35:01,0.92,1.471,4.452,15.55,20.08
2023-04-06T07:36:01,0.829,1.86,5.482,15.56,20.11
2023-04-06T07:37:01,1.126,1.66,25.753,15.56,20.13
2023-04-06T07:38:01,0.793,1.461,11.215,15.61,20.16
2023-04-06T07:39:01,0.903,1.718,13.976,15.57,20.19
2023-04-06T07:40:01,0.933,1.634,20.707,15.55,20.22
2023-04-06T07:41:01,0.914,1.817,8.11,15.56,20.24
2023-04-06T07:42:01,0.747,1.643,16.791,15.53,20.27
2023-04-06T07:43:01,0.832,1.383,8.625,15.65,20.29
2023-04-06T07:44:01,0.646,1.412,28.08,15.72,20.32
2023-04-06T07:45:01,0.681,1.101,7.24,15.51,20.34
2023-04-06T07:46:01,0.745,1.553,13.762,15.47,20.37
2023-04-06T07:47:01,0.559,1.139,8.852,15.48,20.4
2023-04-06T07:48:01,0.829,1.397,7.021,15.53,20.43
2023-04-06T07:49:01,1.555,4.587,136.236,15.47,20.45
2023-04-06T07:50:01,1.156,7.062,238.216,15.93,20.48
2023-04-06T07:51:01,1.686,7.326,230.663,15.92,20.51
2023-04-06T07:52:01,1.256,9.619,153.605,16.06,20.55
2023-04-06T07:53:01,1.899,11.073,303.089,16.23,20.58
2023-04-06T07:54:01,1.335,10.001,299.759,16.5,20.62
2023-04-06T07:55:01,2.409,14.258,562.575,17.07,20.66
2023-04-06T07:56:01,1.483,10.546,293.143,17.3,20.69
2023-04-06T07:57:01,1.069,11.321,355.648,17.34,20.72
2023-04-06T07:58:01,2.274,14.511,279.15,17.61,20.75
2023-04-06T07:59:01,2.217,15.47,308.911,17.86,20.78
2023-04-06T08:00:01,1.631,12.499,310.324,18.02,20.83
2023-04-06T08:01:01,1.897,11.846,215.633,18.19,20.86
2023-04-06T08:02:01,1.701,12.621,316.589,18.35,20.9
2023-04-06T08:03:01,1.705,13.712,239.891,18.6,20.93
2023-04-06T08:04:01,2.017,14.178,287.501,18.85,20.97
2023-04-06T08:05:01,2.308,14.662,328.688,18.7,21.01
2023-04-06T08:06:01,2.788,17.369,424.937,19.18,21.05
2023-04-06T08:07:01,1.826,15.222,308.589,19.59,21.08
2023-04-06T08:08:01,2.329,15.589,411.466,19.62,21.13
2023-04-06T08:09:01,2.64,16.135,337.637,19.59,21.16
2023-04-06T08:10:01,1.566,13.717,314.069,19.85,21.2
2023-04-06T08:11:01,1.736,15.336,329.041,20.17,21.24
2023-04-06T08:12:01,2.164,14.967,332.042,20.21,21.28
2023-04-06T08:13:01,1.519,14.07,251.803,20.56,21.32
2023-04-06T08:14:01,1.685,12.684,254.051,20.5,21.36
2023-04-06T08:15:01,1.647,12.179,272.531,20.71,21.4
2023-04-06T08:16:01,1.752,12.433,277.526,20.71,21.43
2023-04-06T08:17:01,1.515,11.98,241.17,20.64,21.47
2023-04-06T08:18:01,1.85,12.123,199.967,20.74,21.51
2023-04-06T08:19:01,1.447,11.385,216.237,21.03,21.55
2023-04-06T08:20:01,1.437,10.013,146.221,21.09,21.58
2023-04-06T08:21:01,1.129,8.818,195.39,20.92,21.63
2023-04-06T08:22:01,1.308,9.538,184.548,21.24,21.66
2023-04-06T08:23:01,1.016,9.387,165.327,21.39,21.7
2023-04-06T08:24:01,1.394,11.001,272.655,21.67,21.75
2023-04-06T08:25:01,1.122,8.8,137.794,21.43,21.79
2023-04-06T08:26:01,1.238,8.73,136.451,21.5,21.83
2023-04-06T08:27:01,1.202,10.203,195.433,21.7,21.87
2023-04-06T08:28:01,1.563,10.929,182.058,21.62,21.9
2023-04-06T08:29:01,0.984,9.697,270.534,21.76,21.93
2023-04-06T08:30:01,1.441,10.058,147.717,21.8,21.97
2023-04-06T08:31:01,1.371,9.399,155.008,21.84,22.01
2023-04-06T08:32:01,1.393,8.371,139.962,22.03,22.04
2023-04-06T08:33:01,1.197,8.769,197.954,22.06,22.08
2023-04-06T08:34:01,1.541,9.31,120.664,22.12,22.12
2023-04-06T08:35:01,1.223,8.886,197.859,22.13,22.15
2023-04-06T08:36:01,1.213,8.306,152.563,22.23,22.19
2023-04-06T08:37:01,0.916,7.809,110.628,21.88,22.22
2023-04-06T08:38:01,1.191,7.326,92.956,22.12,22.27
2023-04-06T08:39:01,1.356,8.018,71.721,22.26,22.29
2023-04-06T08:40:01,0.754,7.255,73.354,22.39,22.32
2023-04-06T08:41:01,1.002,8.329,106.039,22.3,22.37
2023-04-06T08:42:01,0.877,7.704,99.942,22.32,22.4
2023-04-06T08:43:01,1.133,6.283,62.963,22.44,22.44
2023-04-06T08:44:01,1.438,6.343,74.525,22.36,22.47
2023-04-06T08:45:01,0.745,5.897,99.757,22.47,22.5
2023-04-06T08:46:01,0.692,6.357,108.887,22.5,22.53
2023-04-06T08:47:01,0.906,6.179,97.823,22.6,22.56
2023-04-06T08:48:01,1.023,7.675,105.482,22.66,22.6
2023-04-06T08:49:01,0.76,4.908,52.71,22.73,22.63
2023-04-06T08:50:01,0.791,6.734,70.137,22.68,22.66
2023-04-06T08:51:01,0.712,5.625,89.181,23.22,22.7
2023-04-06T08:52:01,0.906,5.657,105.397,23.05,22.72
2023-04-06T08:53:01,1.559,6.614,59.866,22.86,22.76
2023-04-06T08:54:01,1.249,5.578,96.971,22.79,22.79
2023-04-06T08:55:01,0.725,5.976,87.751,22.85,22.82
2023-04-06T08:56:01,0.552,5.045,106.525,22.88,22.85
2023-04-06T08:57:01,0.679,5.645,73.579,23,22.88
2023-04-06T08:58:01,0.807,5.311,130.487,22.98,22.91
2023-04-06T08:59:01,0.598,5.476,50.753,23.03,22.94
2023-04-06T09:00:01,0.706,4.822,185.959,22.99,22.96
2023-04-06T09:01:01,0.925,5.675,41.863,22.95,23
2023-04-06T09:02:01,0.543,5.2,101.863,23.05,23.02
2023-04-06T09:03:01,0.675,5.325,78.004,22.97,23.05
2023-04-06T09:04:01,1.152,5.536,106.608,22.91,23.08
2023-04-06T09:05:01,0.621,5.623,71.302,23.13,23.11
2023-04-06T09:06:01,0.581,5.806,79.852,23.09,23.13
2023-04-06T09:07:01,0.722,5.625,148.258,23.26,23.17
2023-04-06T09:08:01,0.773,5.62,99.572,23.45,23.2
2023-04-06T09:09:01,0.811,5.875,60.409,23.29,23.23
2023-04-06T09:10:01,1.008,5.437,117.081,23.29,23.26
2023-04-06T09:11:01,0.715,5.109,60.247,23.33,23.28
2023-04-06T09:12:01,0.888,5.075,69.1,23.32,23.31
2023-04-06T09:13:01,0.815,6.053,101.938,23.27,23.33
2023-04-06T09:14:01,0.84,5.801,148.896,23.56,23.35
2023-04-06T09:15:01,0.576,6.447,155.935,23.66,23.38
2023-04-06T09:16:01,0.858,6.414,110.205,23.69,23.41
2023-04-06T09:17:01,0.83,6.84,88.552,23.83,23.44
2023-04-06T09:18:01,0.723,5.803,150.033,23.76,23.46
2023-04-06T09:19:01,0.895,6.565,108.779,23.66,23.48
2023-04-06T09:20:01,0.94,5.941,97.371,23.83,23.51
2023-04-06T09:21:01,1.165,5.761,133.18,23.85,23.55
2023-04-06T09:22:01,0.568,5.244,80.723,23.84,23.56
2023-04-06T09:23:01,0.859,5.956,119.083,23.82,23.6
2023-04-06T09:24:01,0.892,6.235,96.884,23.87,23.62
2023-04-06T09:25:01,0.772,5.554,49.04,23.86,23.64
2023-04-06T09:26:01,0.721,5.668,128.146,23.96,23.67
2023-04-06T09:27:01,0.818,5.793,44.31,23.81,23.69
2023-04-06T09:28:01,1.361,6.102,60.652,24.04,23.72
2023-04-06T09:29:01,0.84,5.673,66.971,23.86,23.73
2023-04-06T09:30:01,0.781,6.048,137.667,23.92,23.76
2023-04-06T09:31:01,0.703,6.739,145.642,24.1,23.79
2023-04-06T09:32:01,1.056,6.168,113.243,24.22,23.81
2023-04-06T09:33:01,1.324,8.407,190.882,24.44,23.84
2023-04-06T09:34:01,0.91,6.988,154.477,24.3,23.86
2023-04-06T09:35:01,0.944,8.668,186.319,24.59,23.89
2023-04-06T09:36:01,0.825,8.218,160.918,24.6,23.92
2023-04-06T09:37:01,0.975,7.952,182.729,24.38,23.95
2023-04-06T09:38:01,0.926,8.632,147.61,24.36,23.96
2023-04-06T09:39:01,0.705,7.384,126.933,24.22,23.99
2023-04-06T09:40:01,1.14,8.938,153.721,24.57,24.01
2023-04-06T09:41:01,1.051,9.218,185.031,24.75,24.03
2023-04-06T09:42:01,1.437,7.967,117.168,24.62,24.06
2023-04-06T09:43:01,1.046,9.158,186.889,24.76,24.08
2023-04-06T09:44:01,1.389,8.523,138.385,24.41,24.09
2023-04-06T09:45:01,2.283,10.873,189.891,23.93,24.11
2023-04-06T09:46:01,1.079,8.641,260.132,23.46,24.07
2023-04-06T09:47:01,1.474,7.99,131.353,23,24.01
2023-04-06T09:48:01,0.951,6.864,102.711,22.62,23.96
2023-04-06T09:49:01,1.253,7.076,86.791,22.39,23.89
2023-04-06T09:50:01,1.085,6.272,117.78,22.19,23.81
2023-04-06T09:51:01,1.112,6.732,182.931,21.91,23.72
2023-04-06T09:52:01,1.194,6.885,138.911,21.84,23.63
2023-04-06T09:53:01,0.835,6.05,201.394,21.43,23.53
2023-04-06T09:59:01,0.936,4.529,52.716,21.37,23.17
2023-04-06T10:00:01,0.543,4.424,68.887,21.38,23.13
2023-04-06T10:01:01,0.852,4.68,41.717,21.4,23.11
2023-04-06T10:02:01,0.973,4.098,75.416,21.43,23.07
2023-04-06T10:03:01,0.786,3.585,76.433,21.48,23.05
2023-04-06T10:04:01,0.838,3.502,52.711,21.5,23.04
2023-04-06T10:05:01,0.605,3.329,38.236,21.51,23.02
2023-04-06T10:06:01,0.858,3.369,32.18,21.52,23.01
2023-04-06T10:07:01,0.886,3.888,38.142,21.52,23
2023-04-06T10:08:01,0.854,3.745,37.953,21.54,22.99
2023-04-06T10:09:01,0.495,2.62,17.684,21.5,22.98
2023-04-06T10:10:01,0.67,2.695,22.903,21.48,22.98
2023-04-06T10:11:01,0.474,2.761,7.578,21.43,22.99
2023-04-06T10:12:01,0.804,3.022,22.758,21.41,22.99
2023-04-06T10:13:01,0.712,3.04,51.055,21.45,22.99
2023-04-06T10:14:01,0.336,2.493,32.875,21.39,22.99
2023-04-06T10:15:01,0.353,2.741,41.635,21.39,23
2023-04-06T10:16:01,0.711,2.853,16.666,21.39,23.01
2023-04-06T10:17:01,0.729,2.749,28.974,21.32,23.01
2023-04-06T10:18:01,0.558,2.435,12.118,21.31,23.02
2023-04-06T10:19:01,0.376,2.776,13.732,21.28,23.03
2023-04-06T10:20:01,0.969,2.8,17.619,21.28,23.04
2023-04-06T10:21:01,0.412,2.118,20.228,21.18,23.05
2023-04-06T10:22:01,0.772,2.753,5.82,20.83,23.04
2023-04-06T10:23:01,0.479,2.131,16.514,20.52,23.01
2023-04-06T10:24:01,0.667,2.077,40.806,20.21,22.96
2023-04-06T10:25:01,0.413,1.608,6.421,19.97,22.91
2023-04-06T10:26:01,0.81,2.051,7.424,19.7,22.85
2023-04-06T10:27:01,0.782,1.643,14.049,19.83,22.8
2023-04-06T10:28:01,0.791,1.977,9.657,19.97,22.78
2023-04-06T10:29:01,0.452,1.284,2.538,20.01,22.76
2023-04-06T10:30:01,0.65,1.982,5.194,20.06,22.75
2023-04-06T10:31:01,0.598,2.546,53.416,20.22,22.73
2023-04-06T10:32:01,0.886,2.857,37.651,20.26,22.73
2023-04-06T10:33:01,0.399,2.146,32.541,20.28,22.73
2023-04-06T10:34:01,0.711,2.498,11.015,20.3,22.72
2023-04-06T10:35:01,0.395,2.555,23.296,20.31,22.72
2023-04-06T10:36:01,0.303,1.919,7.85,20.33,22.72
2023-04-06T10:37:01,1.686,11.057,231.491,20.87,22.72
2023-04-06T10:38:01,1.787,11.092,241.536,21.34,22.74
2023-04-06T10:39:01,1.713,10.255,208.413,21.97,22.74
2023-04-06T10:40:01,1.158,9.675,176.528,22.79,22.77
2023-04-06T10:41:01,1.467,10.155,201.966,22.69,22.78
2023-04-06T10:42:01,1.402,9.551,166.696,23.18,22.81
2023-04-06T10:43:01,1.327,10.126,231.602,23.82,22.83
2023-04-06T10:44:01,1.487,10.796,146.023,23.96,22.85
2023-04-06T10:45:01,1.309,9.864,213.625,24.26,22.87
2023-04-06T10:46:01,1.22,8.691,146.143,24.6,22.91
2023-04-06T10:47:01,1.332,9.081,185.427,24.77,22.93
2023-04-06T10:48:01,1.422,10.055,223.153,25.05,22.97
2023-04-06T10:49:01,1.055,8.475,163.025,25.3,23
2023-04-06T10:50:01,1.16,8.416,227.997,25.44,23.03
2023-04-06T10:51:01,1.078,9.495,158.662,25.55,23.06
2023-04-06T10:52:01,1.332,9.614,132.375,25.83,23.1
2023-04-06T10:53:01,1.109,8.077,200.342,25.92,23.14
2023-04-06T10:54:01,1.265,7.984,180.742,26.08,23.18
2023-04-06T10:55:01,1.137,7.654,160.624,26.12,23.21
2023-04-06T10:56:01,1.308,9.218,169.122,26.26,23.25
2023-04-06T10:57:01,0.997,10.298,203.472,26.47,23.29
2023-04-06T10:58:01,1.132,10.265,267.982,26.98,23.33
2023-04-06T10:59:01,1.905,12.393,293.54,26.61,23.38
2023-04-06T11:00:01,1.12,9.254,222.863,26.47,23.42
2023-04-06T11:01:01,1.331,8.389,144.997,26.06,23.46
2023-04-06T11:02:01,1.284,7.834,119.939,25.89,23.49
2023-04-06T11:03:01,1.217,9.964,88.672,25.73,23.53
2023-04-06T11:04:01,1.089,8.941,154.577,25.68,23.55
2023-04-06T11:05:01,1.204,8.182,128.713,25.54,23.59
2023-04-06T11:06:01,1.756,8.354,109.389,25.17,23.61
2023-04-06T11:07:01,0.644,6.035,123.768,24.45,23.61
2023-04-06T11:08:01,0.977,5.729,108.538,23.95,23.59
2023-04-06T11:09:01,1.209,4.926,54.085,23.45,23.56
2023-04-06T11:10:01,0.799,4.002,67.558,22.94,23.51
2023-04-06T11:11:01,0.643,4.214,32.613,22.49,23.45
2023-04-06T11:12:01,0.899,2.967,43.961,22.11,23.37
2023-04-06T11:13:01,1.108,3.466,22.039,21.77,23.3
2023-04-06T11:14:01,0.881,2.422,47.654,21.53,23.2
2023-04-06T11:15:01,0.85,2.871,33.191,21.45,23.13
2023-04-06T11:16:01,0.593,2.822,36.474,21.63,23.09
2023-04-06T11:17:01,1.093,2.951,10.916,21.66,23.06
2023-04-06T11:18:01,0.495,1.944,6.394,21.73,23.02
2023-04-06T11:19:01,0.616,2.397,14.161,21.81,23
2023-04-06T11:20:01,0.688,2.386,5.534,21.88,22.98
2023-04-06T11:21:01,0.482,2.159,10.344,21.97,22.96
2023-04-06T11:22:01,0.694,2.041,5.526,22.02,22.95
2023-04-06T11:23:01,1.117,2.486,31.013,22.05,22.93
2023-04-06T11:24:01,0.619,2.195,31.341,22.08,22.93
2023-04-06T11:25:01,0.578,2.107,5.375,22.15,22.92
2023-04-06T11:26:01,0.586,1.88,11.452,22.16,22.92
2023-04-06T11:27:01,0.592,1.698,15.864,22.22,22.92
2023-04-06T11:28:01,0.246,1.264,5.23,22.24,22.93
2023-04-06T11:29:01,0.557,1.68,7.124,22.26,22.93
2023-04-06T11:30:01,0.401,1.252,7.311,22.34,22.94
2023-04-06T11:31:01,0.55,1.998,8.247,22.36,22.94
2023-04-06T11:32:01,0.538,1.473,12.077,22.39,22.94
2023-04-06T11:33:01,0.483,1.39,8.999,22.44,22.95
2023-04-06T11:34:01,0.354,1.544,13.481,22.46,22.96
2023-04-06T11:35:01,0.495,2.064,9.158,22.45,22.98
2023-04-06T11:36:01,0.419,1.284,4.41,22.37,22.99
2023-04-06T11:37:01,0.371,1.366,3.538,21.89,22.99
2023-04-06T11:38:01,0.549,1.413,2.615,21.54,22.96
2023-04-06T11:39:01,0.642,5.132,81.742,21.34,22.93
2023-04-06T11:40:01,1.023,7.085,232.209,21.35,22.89
2023-04-06T11:41:01,0.968,7.671,206.968,21.66,22.87
2023-04-06T11:42:01,1.221,7.344,180.851,21.92,22.88
2023-04-06T11:43:01,1.093,6.64,174.102,22.31,22.89
2023-04-06T11:44:01,0.916,5.942,134.57,22.86,22.9
2023-04-06T11:45:01,0.951,6.965,117.375,23.31,22.92
2023-04-06T11:46:01,0.803,6.505,159.946,23.37,22.94
2023-04-06T11:47:01,1.252,7.213,137.866,23.6,22.96
2023-04-06T11:48:01,1.224,8.004,80.064,23.65,22.98
2023-04-06T11:49:01,1.142,6.941,175.802,24.21,23.01
2023-04-06T11:50:01,1.391,7.407,220.513,24,23.03
2023-04-06T11:51:01,1.975,10.581,298.666,24.23,23.06
2023-04-06T11:52:01,1.457,10.72,315.303,24.38,23.1
2023-04-06T11:53:01,1.875,14.181,368.91,24.52,23.12
2023-04-06T11:54:01,1.906,15.661,423.101,24.78,23.15
2023-04-06T11:55:01,2.16,19.106,383.276,24.84,23.18
2023-04-06T11:56:01,2.034,15.71,209.341,24.79,23.22
2023-04-06T11:57:01,1.858,13.659,190.735,24.75,23.25
2023-04-06T11:58:01,1.778,13.505,317.127,24.66,23.29
2023-04-06T11:59:01,2.263,12.915,243.986,24.61,23.31
2023-04-06T12:00:01,1.142,13.012,217.871,24.53,23.34
2023-04-06T12:01:01,1.814,11.942,182.73,24.47,23.36
2023-04-06T12:02:01,1.296,10.512,127.402,24.45,23.4
2023-04-06T12:03:01,0.868,8.868,130.704,24.39,23.42
2023-04-06T12:04:01,1.014,8.665,112.36,24.33,23.45
2023-04-06T12:05:01,1.11,8.995,162.815,24.22,23.48
2023-04-06T12:06:01,1.074,6.853,178.867,24.16,23.49
2023-04-06T12:07:01,0.783,6.049,121.891,24.14,23.52
2023-04-06T12:08:01,0.667,6.693,164.168,24.12,23.55
2023-04-06T12:09:01,0.986,7.053,67.712,24.07,23.57
2023-04-06T12:10:01,1.047,7.253,92.802,24.11,23.6
2023-04-06T12:11:01,0.748,5.472,112.338,24.08,23.62
2023-04-06T12:12:01,1.064,5.991,128.755,24.02,23.64
2023-04-06T12:13:01,0.709,5.941,71.23,24,23.66
2023-04-06T12:14:01,0.513,4.779,51.932,23.98,23.68
2023-04-06T12:15:01,0.883,5.067,82.247,23.94,23.71
2023-04-06T12:16:01,0.393,5.023,91.03,23.9,23.73
2023-04-06T12:17:01,0.573,3.852,39.688,23.89,23.74
2023-04-06T12:18:01,0.603,4.003,44.25,23.89,23.76
2023-04-06T12:19:01,0.605,3.87,59.663,23.87,23.77
2023-04-06T12:20:01,0.523,4.094,44.974,23.87,23.8
2023-04-06T12:21:01,0.446,3.54,27.942,23.82,23.82
2023-04-06T12:22:01,0.602,3.825,44.277,23.87,23.84
2023-04-06T12:23:01,0.42,3.182,38.409,23.83,23.85
2023-04-06T12:24:01,0.573,3.712,16.1,23.8,23.87
2023-04-06T12:25:01,0.795,4.099,32.209,23.79,23.9
2023-04-06T12:26:01,0.382,2.541,16.143,23.76,23.92
2023-04-06T12:27:01,0.332,3.311,69.066,23.8,23.93
2023-04-06T12:28:01,0.934,3.037,19.878,23.69,23.95
2023-04-06T12:29:01,0.551,3.335,51.363,23.74,23.97
2023-04-06T12:30:01,0.358,2.071,23.021,23.74,23.98
2023-04-06T12:31:01,0.357,4.17,56.227,23.7,24.01
2023-04-06T12:32:01,2.096,16.543,378.65,23.81,24.02
2023-04-06T12:33:01,2.297,19.989,564.352,24.38,24.04
2023-04-06T12:34:01,2.074,20.365,383.461,24.65,24.06
2023-04-06T12:35:01,2.694,24.417,592.098,25,24.09
2023-04-06T12:36:01,2.278,22.562,545.434,25.28,24.11
2023-04-06T12:37:01,2.684,20.977,510.805,25.7,24.14
2023-04-06T12:38:01,2.216,22.163,546.567,25.98,24.17
2023-04-06T12:39:01,2.662,19.961,395.821,26.08,24.19
2023-04-06T12:40:01,2.269,21.551,430.454,26.22,24.23
2023-04-06T12:41:01,1.865,20.034,402.312,26.26,24.25
2023-04-06T12:42:01,2.165,19.342,420.93,26.48,24.29
2023-04-06T12:43:01,2.177,16.107,359.773,26.53,24.32
2023-04-06T12:44:01,1.903,16.494,296.295,26.77,24.35
2023-04-06T12:45:01,2.107,16.101,258.717,26.72,24.38
2023-04-06T12:46:01,1.842,16.565,312.788,26.81,24.42
2023-04-06T12:47:01,1.839,17.069,274.507,26.92,24.44
2023-04-06T12:48:01,1.682,16.559,326.104,26.91,24.49
2023-04-06T12:49:01,1.885,15.714,243.356,27.03,24.52
2023-04-06T12:50:01,1.619,13.382,309.49,27.21,24.56
2023-04-06T12:51:01,1.631,13.589,242.074,27.4,24.59
2023-04-06T12:52:01,1.088,10.524,226.517,27.46,24.62
2023-04-06T12:53:01,1.051,11.582,160.929,27.61,24.65
2023-04-06T12:54:01,1.091,12.246,172.289,27.7,24.69
2023-04-06T12:55:01,1.318,11.926,201.006,27.83,24.72
2023-04-06T12:56:01,0.969,10.078,190.046,27.9,24.76
2023-04-06T12:57:01,0.951,10.798,164.073,27.97,24.79
2023-04-06T12:58:01,1.583,13.525,339.548,28.05,24.83
2023-04-06T12:59:01,2.454,17.45,329.445,28.36,24.87
2023-04-06T13:00:01,2.018,16.112,377.748,28.4,24.9
2023-04-06T13:01:01,1.652,14.344,312.151,28.43,24.93
2023-04-06T13:02:01,1.469,14.895,291.914,28.49,24.97
2023-04-06T14:09:33,3.117,24.756,809.874,28.09,23.74
2023-04-06T14:10:33,2.521,24.105,656.82,28.32,23.78
2023-04-06T14:11:33,2.908,23.646,645.408,28.26,23.8
2023-04-06T14:12:33,3.067,25.196,431.826,28.17,23.83
2023-04-06T14:13:33,2.696,24.101,523.693,28.41,23.85
2023-04-06T14:14:33,3.157,21.49,534.182,28.69,23.89
2023-04-06T14:15:33,3.23,22.897,463.439,28.88,23.92
2023-04-06T14:16:33,3.219,27.128,541.822,29.17,23.95
2023-04-06T14:36:35,1.687,11.515,227.03,28.23,24.6
2023-04-06T14:37:35,1.266,11.576,143.641,28.14,24.63
2023-04-06T14:38:35,1.664,11.758,107.92,28.04,24.65
2023-04-06T14:39:35,1.063,10.673,143.65,27.99,24.66
2023-04-06T14:40:35,1.347,10.589,161.357,27.91,24.68
2023-04-06T14:41:35,0.926,9.839,128.344,27.83,24.7
2023-04-06T14:42:35,1.592,10.587,118.611,27.77,24.73
2023-04-06T14:43:35,1.162,7.98,71.973,27.74,24.73
2023-04-06T14:44:35,1.242,8.019,94.265,27.71,24.76
2023-04-06T14:45:35,1.345,8.306,72.534,27.66,24.77
2023-04-06T15:03:35,0.742,4.838,41.453,27.08,24.98
2023-04-06T15:04:35,0.76,4.155,23.855,27.05,24.99
2023-04-06T15:05:35,0.691,4.263,40.626,27.02,25
2023-04-06T15:06:35,0.951,4.385,21.952,26.99,25.01
2023-04-06T15:07:35,0.73,3.47,30.726,26.95,25.02
2023-04-06T15:08:35,0.811,4.332,51.269,26.95,25.03
2023-04-06T15:21:35,0.367,1.608,15.361,26.64,25.12
2023-04-06T15:22:35,0.395,1.964,7.308,26.65,25.12
2023-04-06T15:23:35,0.438,1.925,8.195,26.61,25.13
2023-04-06T15:24:35,0.349,1.591,10.764,26.61,25.14
2023-04-06T15:25:34,0.612,2.618,13.332,26.6,25.14
2023-04-06T15:26:34,0.376,1.789,9.368,26.57,25.15
2023-04-06T15:27:34,0.617,1.854,6.972,26.55,25.16
2023-04-06T15:28:34,0.289,1.612,21.256,26.55,25.17
2023-04-06T15:29:34,0.347,1.741,4.154,26.54,25.17
2023-04-07T07:30:34,1.003,1.56,19.414,18.3,21.21
2023-04-07T07:31:34,0.92,1.279,2.935,18.35,21.23
2023-04-07T07:32:34,1.028,1.606,13.61,18.22,21.25
2023-04-07T07:33:34,1.137,1.505,3.114,18.27,21.27
2023-04-07T07:34:34,1.125,1.805,7.847,18.25,21.29
2023-04-07T07:35:34,1.072,1.905,3.137,18.17,21.3
2023-04-07T07:36:34,1.218,1.972,34.339,18.27,21.32
2023-04-07T07:37:34,1.234,1.374,5.38,18.27,21.34
2023-04-07T07:38:34,0.998,1.679,13.167,18.25,21.36
2023-04-07T07:39:34,0.725,1.308,1.71,18.25,21.38
2023-04-07T07:40:34,0.931,1.435,6.794,18.11,21.4
2023-04-07T07:41:34,0.931,2.062,10.864,18.15,21.42
2023-04-07T07:42:34,0.745,2.224,12.037,18.13,21.45
2023-04-07T07:43:34,1.255,2.592,31.835,18.12,21.47
2023-04-07T07:44:34,0.901,2.196,51.193,18.13,21.49
2023-04-07T07:45:34,1.077,2.633,21.778,18.1,21.52
2023-04-07T07:46:34,2.252,3.804,56.843,18.06,21.54
2023-04-07T07:47:34,1.596,3.557,61.137,18.03,21.55
2023-04-07T07:48:34,1.056,2.157,117.866,17.96,21.59
2023-04-07T07:49:34,1.086,3.816,49.969,18.03,21.61
2023-04-07T07:50:34,1.695,8.831,205.678,18.14,21.64
2023-04-07T07:51:34,1.478,8.91,145.873,18.23,21.66
2023-04-07T07:52:34,1.695,9.244,172.378,18.39,21.68
2023-04-07T07:53:34,1.542,10.652,228.402,18.53,21.72
2023-04-07T07:54:34,1.608,10.61,179.784,18.71,21.75
2023-04-07T07:55:34,1.77,10.03,278.277,19,21.78
2023-04-07T07:56:34,2.755,12.912,330.916,19.1,21.8
2023-04-07T07:57:34,1.896,13.871,173.911,19.46,21.83
2023-04-07T07:58:34,1.625,11.472,213.791,19.62,21.86
2023-04-07T07:59:34,2.426,15.654,339.07,19.65,21.9
2023-04-07T08:00:34,2.319,12.868,247.018,20.04,21.92
2023-04-07T08:01:34,1.974,14.051,306.366,20.11,21.96
2023-04-07T08:02:34,1.641,11.777,267.315,20.19,22
2023-04-07T08:03:34,2.989,15.614,315.646,20.33,22.03
2023-04-07T08:04:34,2.13,15.98,334,20.5,22.06
2023-04-07T08:05:34,2.512,17.754,436.671,20.65,22.09
2023-04-07T08:06:34,2.188,15.803,350.338,21.22,22.13
2023-04-07T08:07:34,1.776,15.111,343.916,20.99,22.16
2023-04-07T08:08:34,1.802,13.329,258.001,21.2,22.2
2023-04-07T08:09:34,1.939,13.535,274.435,21.57,22.22
2023-04-07T08:10:34,2.144,13.683,208.31,21.79,22.26
2023-04-07T08:11:34,2.257,14.445,252.726,22.04,22.29
2023-04-07T08:12:34,1.425,14.72,406.865,22.29,22.34
2023-04-07T08:13:34,1.576,12.992,365.138,22.27,22.38
2023-04-07T08:14:34,2.2,13.546,259.874,22.26,22.42
2023-04-07T08:15:34,2.262,14.169,332.13,22.54,22.45
2023-04-07T08:16:34,2.018,13.704,302.969,22.32,22.49
2023-04-07T08:17:34,1.567,12.932,232.265,22.21,22.52
2023-04-07T08:18:34,1.577,12.639,263.857,22.29,22.55
2023-04-07T08:19:34,1.624,11.68,222.624,22.41,22.59
2023-04-07T08:20:34,1.571,11.083,210.144,22.44,22.61
2023-04-07T08:21:34,1.631,11.65,317.071,22.48,22.65
2023-04-07T08:22:34,1.578,9.775,192.397,22.57,22.68
2023-04-07T08:23:34,1.194,9.603,176.505,22.65,22.72
2023-04-07T08:24:34,1.173,10.412,184.074,22.67,22.75
2023-04-07T08:25:34,1.448,9.104,203.613,22.87,22.79
2023-04-07T08:26:34,1.49,10.402,172.801,23.04,22.82
2023-04-07T08:27:34,1.562,8.791,149.033,23.08,22.86
2023-04-07T08:28:34,1.208,8.258,141.046,23.08,22.89
2023-04-07T08:29:34,1.136,7.766,153.727,23.09,22.93
2023-04-07T08:30:34,0.945,7.782,162.059,23.09,22.96
2023-04-07T08:31:34,1.251,8.922,167.401,23.17,23
2023-04-07T08:32:34,1.095,7.68,106.98,23.32,23.03
2023-04-07T08:33:34,0.98,7.045,96.924,23.51,23.06
2023-04-07T08:34:34,1.249,7.322,225.582,23.54,23.1
2023-04-07T08:35:34,0.924,7.763,151.254,23.48,23.13
2023-04-07T08:36:34,0.713,7.53,127.725,23.57,23.16
2023-04-07T08:37:34,1.855,9.335,162.982,23.67,23.2
2023-04-07T08:38:34,1.28,8.317,87.205,23.77,23.23
2023-04-07T08:39:34,1.132,8.508,91.914,23.82,23.27
2023-04-07T08:40:34,1,7.728,119.649,23.87,23.3
2023-04-07T08:41:34,0.807,7.399,110.285,23.83,23.33
2023-04-07T08:47:34,1.3,8.588,186.485,24.25,23.52
2023-04-07T08:48:34,2.858,8.944,183.777,24.27,23.56
2023-04-07T08:49:34,0.858,7.918,133.858,24.44,23.59
2023-04-07T08:50:34,1.16,8.117,87.368,24.43,23.62
2023-04-07T08:51:34,1.411,8.104,181.894,24.44,23.65
2023-04-07T08:52:34,1.066,7.068,87.834,24.54,23.68
2023-04-07T08:53:34,1.036,8.699,142.502,24.45,23.73
2023-04-07T08:54:34,0.737,7.38,94.248,24.62,23.76
2023-04-07T08:55:34,0.961,7.708,145.834,24.59,23.78
2023-04-07T08:56:34,0.751,6.134,127.005,24.59,23.82
2023-04-07T08:57:34,1.099,7.349,154.332,24.67,23.84
2023-04-07T08:58:34,1.018,6.865,154.823,24.74,23.88
2023-04-07T08:59:34,1.359,6.49,107.999,24.69,23.91
2023-04-07T09:00:34,1.213,8.403,142.572,24.72,23.94
2023-04-07T09:01:34,1.054,8.476,168.387,24.78,23.96
2023-04-07T09:02:34,1.213,9.171,184.07,24.78,23.99
2023-04-07T09:03:34,1.497,7.954,142.946,24.89,24.03
2023-04-07T09:04:34,0.791,7.669,163.22,24.96,24.05
2023-04-07T09:05:34,0.811,7.224,124.73,24.97,24.08
2023-04-07T09:06:34,1.18,7.53,210.824,25.09,24.1
2023-04-07T09:07:34,1.573,9.185,126.885,25.08,24.14
2023-04-07T09:08:34,1.287,7.762,120.837,25.27,24.17
2023-04-07T09:09:34,1.14,7.501,163.752,25.29,24.19
2023-04-07T09:10:34,1.057,7.278,160.45,25.21,24.22
2023-04-07T09:11:34,1.146,7.512,74.215,25.24,24.25
2023-04-07T09:12:34,1.325,7.672,131.493,25.34,24.28
2023-04-07T09:13:34,1.251,7.545,90.421,25.33,24.31
2023-04-07T09:14:34,0.864,7.136,127.373,25.5,24.33
2023-04-07T09:15:34,1.209,7.81,120.376,25.5,24.36
2023-04-07T09:16:34,1.292,8.112,110.835,25.56,24.38
2023-04-07T09:17:34,1.351,7.807,118.854,25.61,24.4
2023-04-07T09:18:34,1.195,8.682,129.502,25.69,24.44
2023-04-07T09:19:34,1.051,7.449,229.576,25.62,24.45
2023-04-07T09:20:34,1.145,8.646,146.296,25.8,24.49
2023-04-07T09:21:34,1.241,10.649,283.558,25.87,24.51
2023-04-07T09:22:34,1.38,10.732,261.371,25.75,24.54
2023-04-07T09:23:34,2.655,14.039,342.003,26.25,24.56
2023-04-07T09:24:34,1.242,11.824,284.329,26.16,24.59
2023-04-07T09:25:34,1.741,11.085,266.647,26.14,24.61
2023-04-07T09:26:34,1.482,12.071,329.8,26.16,24.64
2023-04-07T09:27:34,1.244,11.82,247.257,26,24.66
2023-04-07T09:28:34,1.636,11.726,161.179,26.04,24.68
2023-04-07T09:29:34,1.338,10.332,233.346,26.01,24.7
2023-04-07T09:30:34,1.204,11.742,272.228,26.17,24.73
2023-04-07T09:31:34,1.452,10.796,178.146,26.35,24.76
2023-04-07T09:32:34,1.38,11.54,214.49,26.34,24.78
2023-04-07T09:33:34,1.05,11.488,163.85,26.37,24.8
2023-04-07T09:34:34,1.651,11.324,193.389,26.29,24.83
2023-04-07T09:35:34,0.986,9.639,124.646,26.27,24.85
2023-04-07T09:36:34,1.2,9.698,191.707,26.43,24.86
2023-04-07T09:37:34,1.615,9.965,153.173,26.53,24.89
2023-04-07T09:38:34,1.696,9.75,150.533,26.43,24.92
2023-04-07T09:39:34,1.584,8.817,138.339,26.68,24.94
2023-04-07T09:40:34,1.405,9.15,173.213,26.45,24.96
2023-04-07T09:41:34,0.934,10.069,147.266,26.56,24.98
2023-04-07T09:42:34,0.996,8.139,183.476,26.55,25
2023-04-07T09:43:34,1.133,9.119,143.686,26.66,25.02
2023-04-07T09:44:34,1.283,8.847,180.879,26.81,25.06
2023-04-07T09:45:34,1.015,7.958,169.219,26.73,25.07
2023-04-07T09:46:34,2.162,8.9,191.8,26.8,25.09
2023-04-07T09:47:34,1.005,7.749,147.875,26.99,25.11
2023-04-07T09:48:34,1.242,7.904,170.393,26.99,25.13
2023-04-07T09:49:34,0.699,7.103,142.932,26.98,25.16
2023-04-07T09:50:34,1.054,7.896,98.648,27,25.18
2023-04-07T09:51:34,1.086,8.478,177.576,27.07,25.2
2023-04-07T09:52:34,1.093,6.878,93.059,26.9,25.22
2023-04-07T09:53:34,1.237,7.128,173.028,27.07,25.25
2023-04-07T09:54:34,0.903,8.563,128.803,27.11,25.26
2023-04-07T09:55:34,0.887,8.681,168.516,27,25.29
2023-04-07T09:56:34,1.087,8.063,142.217,27.2,25.31
2023-04-07T09:57:34,1.107,7.287,94.31,27.28,25.33
2023-04-07T09:58:34,1.125,8.744,167.979,27.27,25.36
2023-04-07T09:59:34,1.155,7.052,95.757,27.28,25.37
2023-04-07T10:00:34,1.744,10.097,221.869,27.45,25.4
2023-04-07T10:01:34,1.153,10.079,237.73,27.33,25.41
2023-04-07T10:02:34,1.531,11.416,247.427,27.21,25.43
2023-04-07T10:03:34,1.462,9.751,165.069,27.13,25.46
2023-04-07T10:04:34,1.056,9.515,180.177,27,25.48
2023-04-07T10:05:34,1.439,10.459,156.972,26.76,25.48
2023-04-07T10:06:34,1,12.524,231.779,26.67,25.5
2023-04-07T10:07:34,0.98,10.03,162.772,26.67,25.5
2023-04-07T10:08:34,1.807,10.35,210.335,26.5,25.51
2023-04-07T10:09:34,0.983,11.849,191.394,26.38,25.52
2023-04-07T10:10:34,1.081,10.513,185.934,26.27,25.53
2023-04-07T10:11:34,1.378,9.312,207.812,26.07,25.54
2023-04-07T10:12:34,1.298,8.748,137.782,26.04,25.55
2023-04-07T10:13:34,1.571,10.234,129.724,25.8,25.56
2023-04-07T10:14:34,0.861,7.356,102.462,25.65,25.56
2023-04-07T10:15:34,0.711,6.457,90.506,25.48,25.56
2023-04-07T10:16:34,0.713,6.238,78.655,25.36,25.56
2023-04-07T10:17:34,1.444,7.156,107.639,25.21,25.56
2023-04-07T10:18:34,1.194,5.803,134.263,25.09,25.57
2023-04-07T10:19:34,0.853,7.189,73.585,25.14,25.56
2023-04-07T10:20:34,0.739,5.94,94.761,25,25.56
2023-04-07T10:21:34,0.713,7.009,116.463,24.91,25.57
2023-04-07T10:22:34,0.785,6.22,94.2,24.73,25.57
2023-04-07T10:23:34,0.745,4.786,58.524,24.73,25.57
2023-04-07T10:24:34,0.775,4.837,90.82,24.76,25.56
2023-04-07T10:25:34,0.763,5.051,69.133,24.65,25.56
2023-04-07T10:26:34,0.679,4.395,41.141,24.38,25.55
2023-04-07T10:27:34,0.57,4.147,72.366,24.5,25.55
2023-04-07T10:28:34,0.659,3.913,43.857,24.4,25.54
2023-04-07T10:29:34,0.588,3.856,33.434,24.48,25.53
2023-04-07T10:30:34,0.667,4.122,54.67,24.44,25.53
2023-04-07T10:31:34,0.675,3.444,36.455,24.43,25.53
2023-04-07T10:32:34,0.753,4.053,48.062,24.4,25.53
2023-04-07T10:39:34,1.383,12.499,366.087,26.37,25.51
2023-04-07T10:40:34,1.869,13.195,290.045,26.86,25.52
2023-04-07T10:41:34,1.234,14.178,383.013,27.38,25.53
2023-04-07T10:42:34,1.211,12.887,364.14,27.73,25.54
2023-04-07T10:43:34,1.771,14.415,252.689,28.31,25.56
2023-04-07T10:44:34,1.664,14.24,317.474,28.65,25.57
2023-04-07T10:45:34,1.202,12.384,270.138,29.14,25.59
2023-04-07T10:46:34,1.677,12.607,266.234,29.29,25.6
2023-04-07T10:47:34,1.454,13.153,216.562,29.28,25.62
2023-04-07T10:48:34,1.583,15.148,289.283,29.84,25.64
2023-04-07T10:49:34,1.866,13.899,245.361,30.11,25.66
2023-04-07T10:50:34,1.694,12.471,268.606,30.58,25.67
2023-04-07T10:51:34,1.583,12.544,303.862,30.65,25.69
2023-04-07T10:52:34,1.613,14.542,290.955,30.96,25.71
2023-04-07T10:53:34,1.485,12.651,286.721,31.24,25.73
2023-04-07T10:54:34,1.46,13.181,310.621,31.75,25.76
2023-04-07T10:55:34,1.931,12.527,236.109,31.79,25.78
2023-04-07T10:56:34,1.302,12.924,238.923,31.84,25.8
2023-04-07T10:57:34,1.345,13.785,338.018,31.97,25.83
2023-04-07T10:58:34,1.285,12.625,307.613,32.29,25.84
2023-04-07T10:59:34,2.359,13.419,248.308,32.32,25.86
2023-04-07T11:00:34,1.693,11.846,302.182,32.69,25.9
2023-04-07T11:01:34,1.543,12.532,295.313,33.05,25.92
2023-04-07T11:02:34,1.854,14.587,318.067,32.51,25.94
2023-04-07T11:03:34,1.769,15.532,424.103,32.27,25.97
2023-04-07T11:04:34,1.801,14.422,347.601,31.38,25.99
2023-04-07T11:05:34,2.357,17.402,512.56,30.92,26
2023-04-07T11:06:34,1.445,15.266,506.408,30.17,25.97
2023-04-07T11:07:34,1.45,12.276,198.61,29.43,25.93
2023-04-07T11:08:34,1.646,10.736,250.4,28.86,25.88
2023-04-07T11:09:34,1.242,9.935,216.178,28.56,25.81
2023-04-07T11:10:34,2.374,11.305,172.084,28.22,25.75
2023-04-07T11:11:34,1.487,10.912,216.999,27.9,25.67
2023-04-07T11:12:34,2.027,9.677,240.46,27.73,25.59
2023-04-07T11:13:34,1.823,14.015,312.223,27.63,25.51
2023-04-07T11:14:34,1.737,12.278,325.807,27.4,25.43
2023-04-07T11:15:34,2.24,11.765,187.087,27.13,25.34
2023-04-07T11:16:34,2.14,9.884,224.241,27.18,25.25
2023-04-07T11:17:34,1.492,10.731,191.535,27.49,25.2
2023-04-07T11:18:34,1.914,9.412,303.755,27.81,25.14
2023-04-07T11:19:34,1.78,10.797,220.342,28.01,25.12
2023-04-07T11:20:34,1.594,8.331,186.785,28.55,25.09
2023-04-07T11:21:34,1.504,9.654,115.814,28.67,25.07
2023-04-07T11:22:34,1.76,9.515,227.341,29.07,25.06
2023-04-07T11:23:34,1.918,9.824,185.589,29.44,25.05
2023-04-07T11:24:34,1.413,9.994,195.966,29.64,25.05
2023-04-07T11:25:34,1.785,9.493,146.612,30.01,25.05
2023-04-07T11:26:34,1.354,10.948,213.261,30.14,25.06
2023-04-07T11:27:34,1.41,10.095,295.414,30.33,25.07
2023-04-07T11:28:34,1.476,11.431,296.232,30.3,25.07
2023-04-07T11:29:34,1.525,11.028,220.987,29.83,25.07
2023-04-07T11:30:34,1.849,10.998,225.446,29.35,25.05
2023-04-07T11:31:34,1.421,8.573,198.434,28.91,25.01
2023-04-07T11:32:34,1.263,8.448,135.252,28.53,24.97
2023-04-07T11:33:34,1.355,8.341,202.921,28.33,24.92
2023-04-07T11:34:34,1.401,8.042,188.627,28.03,24.86
2023-04-07T11:35:34,1.887,9.299,165.559,27.94,24.81
2023-04-07T11:36:34,1.793,9.495,231.211,28.15,24.76
2023-04-07T11:37:34,1.59,10.877,342.566,28.47,24.75
2023-04-07T11:38:34,1.923,11.374,308.583,28.92,24.74
2023-04-07T11:39:34,1.985,12.398,231.49,29.07,24.75
2023-04-07T11:40:34,2.28,12.969,294.546,29.19,24.76
2023-04-07T11:41:34,2.02,13.013,354.005,29.36,24.76
2023-04-07T11:42:34,1.819,14.045,380.547,29.5,24.78
2023-04-07T11:43:34,1.926,12.673,480.879,29.6,24.79
2023-04-07T11:44:34,1.767,12.303,344.324,29.67,24.81
2023-04-07T11:45:34,1.782,10.024,283.801,29.79,24.82
2023-04-07T11:46:34,2.966,13.579,274.09,29.86,24.84
2023-04-07T11:47:34,1.689,12.687,354.056,29.44,24.85
2023-04-07T11:48:34,1.469,13.403,265.207,29.1,24.84
2023-04-07T11:49:34,2.396,12.518,330.831,28.86,24.81
2023-04-07T11:50:34,2.332,13.541,313.384,28.37,24.78
2023-04-07T11:51:34,2.06,14.65,426.32,28.03,24.74
2023-04-07T11:52:34,1.945,13.786,342.182,27.82,24.71
2023-04-07T11:53:34,2.058,14.55,264.783,27.86,24.68
2023-04-07T11:54:34,1.747,13.555,345.685,27.87,24.68
2023-04-07T11:55:34,2.466,13.078,326.581,27.89,24.67
2023-04-07T11:56:34,1.954,14.01,293.989,27.87,24.67
2023-04-07T11:57:34,1.688,11.017,300.606,27.88,24.67
2023-04-07T11:58:34,1.307,9.775,158.316,27.85,24.68
2023-04-07T12:04:34,0.855,6.926,71.404,27.77,24.72
2023-04-07T12:05:34,0.945,7.349,79.674,27.72,24.73
2023-04-07T12:06:34,0.825,6.314,87.814,27.73,24.74
2023-04-07T12:07:34,0.966,7.942,86.312,27.73,24.76
2023-04-07T12:08:34,1.095,5.874,90.644,27.72,24.78
2023-04-07T12:09:34,0.62,5.801,68.713,27.74,24.78
2023-04-07T12:10:34,1.015,5.37,59.136,27.71,24.8
2023-04-07T12:11:34,0.868,5.815,99.44,27.72,24.82
2023-04-07T12:12:34,0.836,4.846,82.929,27.71,24.84
2023-04-07T12:13:34,0.722,4.697,41.617,27.67,24.85
2023-04-07T12:14:34,1.073,4.781,90.927,27.64,24.87
2023-04-07T12:15:34,0.849,4.308,61.469,27.69,24.89
2023-04-07T12:16:34,0.771,4.988,29.276,27.62,24.9
2023-04-07T12:17:34,0.795,4.978,46.388,27.65,24.92
2023-04-07T12:18:34,0.641,3.905,35.026,27.58,24.94
2023-04-07T12:19:34,0.641,3.567,34.164,27.53,24.95
2023-04-07T12:20:34,0.722,4.103,23.54,27.48,24.96
2023-04-07T12:21:34,0.717,4.344,44.934,27.43,24.98
2023-04-07T12:22:34,0.534,3.486,23.111,27.39,25
2023-04-07T12:23:34,0.81,3.418,38.141,27.36,25.01
2023-04-07T12:24:34,0.681,3.637,26.285,27.35,25.04
2023-04-07T12:25:34,0.637,3.066,17.718,27.28,25.05
2023-04-07T12:26:34,0.695,3.173,33.922,27.25,25.07
2023-04-07T12:27:34,0.644,2.844,15.469,27.28,25.09
2023-04-07T12:28:34,0.478,2.555,31.435,27.23,25.1
2023-04-07T12:29:34,0.601,3.13,20.387,27.24,25.11
2023-04-07T12:30:34,0.658,2.41,28.163,27.2,25.14
2023-04-07T12:31:34,0.978,11.41,251.365,27.38,25.15
2023-04-07T12:32:34,1.746,10.81,264.311,27.68,25.18
2023-04-07T12:33:34,1.93,13.441,334.128,27.98,25.2
2023-04-07T12:34:34,2.225,20.08,551.317,28.49,25.23
2023-04-07T12:35:34,2.241,20.883,568.858,29.01,25.26
2023-04-07T12:36:34,2.692,23.117,649.423,29.44,25.29
2023-04-07T12:42:34,2.221,17.014,345.631,30.61,25.48
2023-04-07T12:43:34,1.895,16.435,280.096,30.86,25.52
2023-04-07T12:44:34,2.84,18.192,446.604,31.01,25.55
2023-04-07T12:45:34,1.816,19.92,409.653,30.98,25.59
2023-04-07T12:46:34,2.049,18.247,353.665,30.95,25.61
2023-04-07T12:47:34,3.1,20.545,505.758,30.89,25.65
2023-04-07T12:48:34,2.257,20.871,351.473,31.03,25.68
2023-04-07T12:49:34,2.855,24.78,548.645,31.24,25.72
2023-04-07T12:50:34,3.512,26.607,509.181,31.34,25.74
2023-04-07T12:51:34,2.876,24.177,482.336,31.39,25.78
2023-04-07T12:52:34,3.057,23.832,442.101,31.64,25.81
2023-04-07T12:53:34,2.955,23.319,569.923,31.75,25.85
2023-04-07T12:54:34,2.356,23.459,556.771,31.95,25.88
2023-04-07T13:00:34,2.171,25.991,442.495,32.29,26.08
2023-04-07T13:01:34,3.409,29.769,583.412,32.55,26.11
2023-04-07T13:02:34,3.809,30.642,720.402,33.03,26.14
2023-04-07T13:03:34,3.384,29.598,553.116,32.93,26.18
2023-04-07T13:04:34,3.174,30.603,522.061,33.04,26.21
2023-04-07T13:05:34,3.163,30.381,761.593,33.17,26.24
2023-04-07T13:06:34,4.926,37.049,1047.281,33.45,26.27
2023-04-07T13:07:34,2.952,32.52,665.799,33.66,26.3
2023-04-07T13:08:34,3.607,32.979,734.088,33.58,26.34
2023-04-07T13:09:34,4.138,33.843,688.2,33.67,26.36
2023-04-07T13:10:34,4.061,35.549,804.658,33.61,26.39
2023-04-07T13:11:34,4.364,38.133,951.405,33.89,26.42
2023-04-07T13:12:34,4.411,40.294,988.548,34.05,26.45
2023-04-07T13:13:34,5.509,42.219,1071.802,33.76,26.48
2023-04-07T13:14:34,5.611,48.562,1169.675,33.69,26.5
2023-04-07T13:15:34,5.905,52.3,1107.762,33.3,26.49
2023-04-07T13:16:34,4.941,47.584,1243.482,32.88,26.48
2023-04-07T13:17:34,5.634,51.08,1246.575,32.41,26.44
2023-04-07T13:18:34,5.968,46.106,1204.527,32.01,26.4
2023-04-07T13:19:34,5.226,45.617,916.897,31.37,26.35
2023-04-07T13:20:34,4.788,40.047,832.274,30.72,26.3
2023-04-07T13:21:34,3.897,32.931,708.737,29.99,26.23
2023-04-07T13:22:34,4.253,31.07,430.691,29.45,26.16
2023-04-07T13:23:34,3.178,25.058,385.42,29.26,26.09
2023-04-07T13:24:34,3.218,27.169,473.563,29.52,26.05
2023-04-07T13:25:34,3.72,27.894,368.56,29.57,26.01
2023-04-07T13:26:34,2.94,24.881,354.824,29.58,25.97
2023-04-07T13:27:34,3.056,23.044,320.77,29.57,25.95
2023-04-07T13:28:34,2.324,18.511,235.404,29.52,25.93
2023-04-07T13:29:34,2.361,19.723,193.911,29.52,25.9
2023-04-07T13:30:34,2.442,17.136,284.817,29.52,25.87
2023-04-07T13:31:34,2.349,17.005,283.888,29.52,25.86
2023-04-07T13:32:34,2.237,16.866,228.303,29.5,25.84
2023-04-07T13:33:34,2.559,16.563,207.661,29.45,25.83
2023-04-07T13:34:34,2.286,14.356,239.316,29.43,25.82
2023-04-07T13:35:34,1.807,14.46,157.833,29.45,25.8
2023-04-07T13:41:34,1.669,9.972,92.921,29.46,25.79
2023-04-07T13:42:34,1.75,10.206,121.12,29.47,25.78
2023-04-07T13:43:34,1.267,12.003,184.094,29.43,25.78
2023-04-07T13:44:34,1.308,9.946,132.156,29.49,25.79
2023-04-07T13:45:34,1.417,8.683,70.721,29.4,25.79
2023-04-07T13:46:34,1.035,7.432,54.754,29.42,25.79
2023-04-07T13:47:34,1.407,8.684,86.616,29.39,25.8
2023-04-07T13:48:34,1.159,7.984,60.555,29.37,25.79
2023-04-07T13:49:34,1.673,8.228,38.617,29.34,25.81
2023-04-07T13:50:34,0.959,7.906,104.163,29.35,25.81
2023-04-07T14:15:34,0.528,2.555,22.355,28.66,25.95
2023-04-07T14:16:34,0.529,2.919,16.039,28.65,25.96
2023-04-07T14:17:34,0.346,2.657,21.848,28.62,25.97
2023-04-07T14:18:34,1.065,3.252,9.952,28.61,25.97
2023-04-07T14:19:34,0.394,2.635,10.576,28.59,25.98
2023-04-07T14:20:34,0.347,2.104,11.389,28.55,25.98
2023-04-07T14:21:34,0.443,2.109,8.31,28.57,25.99
2023-04-07T14:22:34,0.947,3.131,8.988,28.51,25.99
2023-04-07T14:23:34,0.756,2.039,3.902,28.42,26
2023-04-07T14:24:34,0.459,2.564,6.022,28.39,26.01
2023-04-07T14:25:34,0.29,1.845,11.719,28.31,26.02
2023-04-07T14:26:34,0.472,2.26,19.129,28.26,26.02
2023-04-07T14:27:34,0.636,2.101,19.878,28.29,26.03
2023-04-07T14:28:34,0.341,1.972,12.35,28.23,26.03
2023-04-07T14:29:34,0.83,2.795,12.045,28.2,26.03
2023-04-07T14:30:34,0.4,2.065,17.255,28.17,26.03
2023-04-07T14:31:34,0.362,1.889,5.501,28.14,26.04
2023-04-07T14:32:34,0.242,1.216,25.586,28.13,26.04
2023-04-07T14:33:34,0.281,1.835,4.832,28.14,26.05
2023-04-07T14:34:34,0.246,1.749,10.184,28.14,26.05
2023-04-07T14:35:34,0.289,1.486,4.543,28.14,26.06
2023-04-07T14:36:34,0.272,1.517,3.597,28.17,26.07
2023-04-07T14:37:34,0.257,1.308,4.524,28.12,26.07
2023-04-07T14:38:34,0.478,1.461,6.903,28.07,26.07
2023-04-07T14:46:34,0.169,1.028,2.89,27.96,26.1
2023-04-07T14:51:07,0.373,1.052,1.281,27.71,26.13
2023-04-07T14:52:07,0.153,0.917,5.994,27.67,26.13
2023-04-07T14:53:07,0.316,0.965,7.715,27.6,26.14
2023-04-07T14:54:07,0.295,1.345,3.519,27.55,26.15
2023-04-07T14:55:07,0.328,1.006,6.3,27.56,26.16
2023-04-07T14:56:07,0.341,1.149,4.218,27.57,26.15
2023-04-07T14:57:07,0.265,1.295,2.942,27.53,26.15
2023-04-07T14:58:07,0.369,1.268,2.823,27.57,26.16
2023-04-07T14:59:07,0.14,1.098,2.165,27.59,26.17
2023-04-07T15:00:07,0.505,1.307,6.208,27.59,26.17
2023-04-07T15:01:07,0.315,1.192,7.228,27.55,26.17
2023-04-07T15:02:07,0.175,0.998,1.4,27.57,26.17
2023-04-07T15:03:07,0.376,0.963,3.582,27.54,26.17
2023-04-07T15:04:07,0.157,0.724,1.003,27.56,26.18
2023-04-07T15:05:07,0.227,0.8,1.525,27.54,26.18
2023-04-07T15:06:07,0.19,0.656,1.668,27.53,26.18
2023-04-07T15:07:07,0.358,0.904,1.984,27.51,26.19
2023-04-07T15:08:07,0.189,1.015,1.404,27.51,26.19
2023-04-07T15:09:07,0.32,1.198,1.867,27.51,26.18
2023-04-07T15:10:07,0.124,0.819,1.767,27.52,26.19
2023-04-07T15:11:07,0.168,0.884,3.331,27.49,26.19
2023-04-07T15:12:07,0.09,0.498,1.645,27.44,26.2
2023-04-07T15:13:07,0.454,1.198,1.993,27.38,26.21
2023-04-07T15:14:07,0.225,0.658,1.263,27.33,26.2
2023-04-07T15:15:07,0.287,1.153,3.107,27.25,26.2
2023-04-07T15:16:07,0.23,0.676,7.273,27.23,26.2
2023-04-07T15:17:07,0.174,0.772,2.987,27.21,26.2
2023-04-07T15:18:07,0.102,0.399,1.695,27.21,26.21
2023-04-07T15:19:07,0.283,0.668,16.776,27.24,26.2
2023-04-07T15:20:07,0.292,0.686,0.785,27.2,26.22
2023-04-07T15:21:07,0.248,0.977,2.159,27.22,26.22
2023-04-07T15:22:07,0.137,0.64,0.93,27.2,26.23
2023-04-07T15:23:07,0.425,0.796,15.497,27.19,26.23
2023-04-07T15:24:07,0.313,0.694,2.679,27.18,26.23
2023-04-07T15:25:07,0.347,0.969,3.711,27.17,26.23
